Point ID,Density,Eddy_Viscosity,Energy,Heat_Flux,Laminar_Viscosity,Mach,Momentum_0,Momentum_1,Momentum_2,Momentum_Magnitude,Nu_Tilde,Points_0,Points_1,Points_2,Points_Magnitude,Pressure,Pressure_Coefficient,Skin_Friction_Coefficient_0,Skin_Friction_Coefficient_1,Skin_Friction_Coefficient_2,Skin_Friction_Coefficient_Magnitude,Temperature,Velocity_0,Velocity_1,Velocity_2,Velocity_Magnitude,Y_Plus
0,0.890718,0,187653,-0,1.81531e-05,0,0,0,0,0,0,1,0,-4.43113e-09,1,75061.3,0.0639025,-0.000139758,1.09363e-19,-0.00102315,0.00103265,293.566,0,0,0,0,0.276046
1,0.890793,0,187677,-0,1.81537e-05,0,0,0,0,0,0,0.997983,0,-2.13477e-05,0.997983,75070.8,0.0861309,0.00339981,0,3.61303e-05,0.0034,293.578,0,0,0,0,0.497508
2,0.890815,0,187685,-0,1.8154e-05,0,0,0,0,0,0,0.99592,0,-4.3361e-05,0.99592,75074,0.0938326,0.0031968,0,3.42613e-05,0.00319698,293.584,0,0,0,0,0.482404
3,0.890846,0,187692,-0,1.8154e-05,0,0,0,0,0,0,0.99381,0,-6.60757e-05,0.99381,75076.8,0.100367,0.0032281,0,3.48997e-05,0.00322829,293.585,0,0,0,0,0.484751
4,0.890879,0,187698,-0,1.8154e-05,0,0,0,0,0,0,0.99165,0,-8.95248e-05,0.99165,75079.4,0.106428,0.00326159,0,3.558e-05,0.00326178,293.584,0,0,0,0,0.487254
5,0.890909,0,187705,-0,1.8154e-05,0,0,0,0,0,0,0.98944,0,-0.000113743,0.98944,75082,0.112593,0.003272,0,3.60258e-05,0.0032722,293.584,0,0,0,0,0.488028
6,0.89093,0,187710,-0,1.81541e-05,0,0,0,0,0,0,0.987178,0,-0.000138769,0.987178,75084.2,0.11765,0.00326768,0,3.63233e-05,0.00326788,293.586,0,0,0,0,0.4877
7,0.890949,0,187716,-0,1.81542e-05,0,0,0,0,0,0,0.984861,0,-0.000164641,0.984861,75086.4,0.122871,0.00325792,1.97434e-25,3.6573e-05,0.00325813,293.588,0,0,0,0,0.486968
8,0.890965,0,187721,-0,1.81543e-05,0,0,0,0,0,0,0.982489,0,-0.000191403,0.982489,75088.4,0.12754,0.00324675,1.72903e-25,3.68191e-05,0.00324695,293.591,0,0,0,0,0.486129
9,0.890981,0,187726,-0,1.81544e-05,0,0,0,0,0,0,0.980059,0,-0.000219098,0.980059,75090.4,0.132241,0.00323611,0,3.7084e-05,0.00323633,293.593,0,0,0,0,0.485331
10,0.890996,0,187731,-0,1.81545e-05,0,0,0,0,0,0,0.97757,0,-0.000247775,0.97757,75092.2,0.136633,0.00322615,-1.7313e-25,3.73699e-05,0.00322637,293.596,0,0,0,0,0.484583
11,0.89101,0,187735,-0,1.81547e-05,0,0,0,0,0,0,0.975019,0,-0.000277486,0.975019,75094.1,0.140982,0.00321695,-1.05137e-27,3.76789e-05,0.00321717,293.598,0,0,0,0,0.483893
12,0.891023,0,187740,-0,1.81548e-05,0,0,0,0,0,0,0.972404,0,-0.000308284,0.972404,75095.9,0.145139,0.00320829,1.51011e-25,3.80091e-05,0.00320852,293.601,0,0,0,0,0.483244
13,0.891035,0,187744,-0,1.81549e-05,0,0,0,0,0,0,0.969723,0,-0.000340227,0.969723,75097.6,0.149233,0.00320016,6.47953e-27,3.83614e-05,0.00320039,293.604,0,0,0,0,0.482634
14,0.891047,0,187748,-0,1.8155e-05,0,0,0,0,0,0,0.966973,0,-0.000373379,0.966973,75099.3,0.153203,0.00319245,6.01302e-27,3.87354e-05,0.00319269,293.606,0,0,0,0,0.482058
15,0.891059,0,187752,-0,1.81552e-05,0,0,0,0,0,0,0.964153,0,-0.000407806,0.964153,75100.9,0.157113,0.00318516,0,3.91319e-05,0.00318541,293.609,0,0,0,0,0.481513
16,0.891071,0,187756,-0,1.81553e-05,0,0,0,0,0,0,0.961259,0,-0.000443578,0.96126,75102.6,0.160939,0.00317825,0,3.95515e-05,0.00317849,293.611,0,0,0,0,0.480997
17,0.891082,0,187760,-0,1.81554e-05,0,0,0,0,0,0,0.95829,0,-0.000480773,0.95829,75104.2,0.164716,0.00317168,0,3.99948e-05,0.00317193,293.614,0,0,0,0,0.480508
18,0.891094,0,187764,-0,1.81555e-05,0,0,0,0,0,0,0.955241,0,-0.000519471,0.955241,75105.8,0.168434,0.00316544,0,4.04625e-05,0.0031657,293.616,0,0,0,0,0.480045
19,0.891106,0,187768,-0,1.81556e-05,0,0,0,0,0,0,0.95211,0,-0.000559762,0.95211,75107.3,0.172114,0.00315949,0,4.09557e-05,0.00315976,293.618,0,0,0,0,0.479605
20,0.891118,0,187772,-0,1.81557e-05,0,0,0,0,0,0,0.948894,0,-0.000601739,0.948895,75108.9,0.175754,0.00315383,-9.63159e-27,4.1475e-05,0.0031541,293.621,0,0,0,0,0.479186
21,0.89113,0,187776,-0,1.81558e-05,0,0,0,0,0,0,0.94559,0,-0.000645502,0.945591,75110.4,0.179367,0.00314843,1.1823e-25,4.20213e-05,0.00314871,293.623,0,0,0,0,0.478789
22,0.891142,0,187780,-0,1.81559e-05,0,0,0,0,0,0,0.942194,0,-0.000691162,0.942195,75111.9,0.182953,0.00314327,-5.2275e-27,4.25961e-05,0.00314356,293.625,0,0,0,0,0.478411
23,0.891155,0,187784,-0,1.8156e-05,0,0,0,0,0,0,0.938703,0,-0.000738836,0.938703,75113.5,0.186522,0.00313835,-1.06814e-25,4.32003e-05,0.00313865,293.626,0,0,0,0,0.478051
24,0.891167,0,187787,-0,1.81561e-05,0,0,0,0,0,0,0.935112,0,-0.000788649,0.935113,75115,0.190077,0.00313364,-2.27064e-28,4.38351e-05,0.00313395,293.628,0,0,0,0,0.477709
25,0.89118,0,187791,-0,1.81562e-05,0,0,0,0,0,0,0.931418,0,-0.000840738,0.931419,75116.5,0.193624,0.00312913,-1.13826e-25,4.45017e-05,0.00312945,293.63,0,0,0,0,0.477382
26,0.891193,0,187795,-0,1.81562e-05,0,0,0,0,0,0,0.927617,0,-0.00089525,0.927617,75118,0.197165,0.00312481,-9.86905e-26,4.52019e-05,0.00312514,293.631,0,0,0,0,0.477071
27,0.891206,0,187799,-0,1.81563e-05,0,0,0,0,0,0,0.923703,0,-0.000952344,0.923703,75119.5,0.200706,0.00312067,1.41874e-26,4.59368e-05,0.00312101,293.633,0,0,0,0,0.476774
28,0.89122,0,187802,-0,1.81564e-05,0,0,0,0,0,0,0.919672,0,-0.00101219,0.919673,75121,0.204251,0.00311669,-3.97555e-28,4.67078e-05,0.00311704,293.634,0,0,0,0,0.47649
29,0.891233,0,187806,-0,1.81565e-05,0,0,0,0,0,0,0.91552,0,-0.00107498,0.915521,75122.5,0.207802,0.00311285,8.93379e-26,4.75169e-05,0.00311322,293.636,0,0,0,0,0.476218
30,0.891247,0,187810,-0,1.81565e-05,0,0,0,0,0,0,0.91124,0,-0.00114091,0.911241,75124,0.211365,0.00310916,9.41265e-26,4.83658e-05,0.00310954,293.637,0,0,0,0,0.475958
31,0.891261,0,187814,-0,1.81566e-05,0,0,0,0,0,0,0.906828,0,-0.00121019,0.906828,75125.5,0.214942,0.0031056,0,4.9256e-05,0.00310599,293.639,0,0,0,0,0.475709
32,0.891275,0,187818,-0,1.81567e-05,0,0,0,0,0,0,0.902276,0,-0.00128308,0.902277,75127.1,0.218536,0.00310216,1.11295e-26,5.01898e-05,0.00310257,293.64,0,0,0,0,0.47547
33,0.891289,0,187822,-0,1.81567e-05,0,0,0,0,0,0,0.89758,0,-0.00135982,0.897581,75128.6,0.222152,0.00309884,1.02339e-26,5.11693e-05,0.00309926,293.641,0,0,0,0,0.475241
34,0.891304,0,187825,-0,1.81568e-05,0,0,0,0,0,0,0.892731,0,-0.00144069,0.892733,75130.2,0.225792,0.00309564,0,5.21969e-05,0.00309608,293.642,0,0,0,0,0.475022
35,0.891319,0,187829,-0,1.81568e-05,0,0,0,0,0,0,0.887724,0,-0.001526,0.887725,75131.7,0.229459,0.00309255,0,5.32747e-05,0.00309301,293.644,0,0,0,0,0.474813
36,0.891333,0,187833,-0,1.81569e-05,0,0,0,0,0,0,0.88255,0,-0.00161608,0.882551,75133.3,0.233158,0.0030896,0,5.44057e-05,0.00309008,293.645,0,0,0,0,0.474615
37,0.891348,0,187837,-0,1.8157e-05,0,0,0,0,0,0,0.877201,0,-0.0017113,0.877203,75134.9,0.236891,0.00308679,0,5.55933e-05,0.00308729,293.646,0,0,0,0,0.474429
38,0.891364,0,187841,-0,1.8157e-05,0,0,0,0,0,0,0.871669,0,-0.00181204,0.871671,75136.5,0.240663,0.00308415,0,5.68402e-05,0.00308468,293.648,0,0,0,0,0.474257
39,0.891379,0,187845,-0,1.81571e-05,0,0,0,0,0,0,0.865945,0,-0.00191875,0.865947,75138.1,0.244477,0.0030817,-7.22892e-26,5.81498e-05,0.00308225,293.649,0,0,0,0,0.474101
40,0.891395,0,187849,-0,1.81571e-05,0,0,0,0,0,0,0.860018,0,-0.0020319,0.86002,75139.8,0.248338,0.00307945,4.00144e-27,5.95256e-05,0.00308003,293.65,0,0,0,0,0.473961
41,0.891411,0,187854,-0,1.81572e-05,0,0,0,0,0,0,0.853878,0,-0.002152,0.853881,75141.4,0.252249,0.00307739,6.1945e-26,6.09711e-05,0.003078,293.651,0,0,0,0,0.473838
42,0.891427,0,187858,-0,1.81573e-05,0,0,0,0,0,0,0.847514,0,-0.00227962,0.847517,75143.1,0.256215,0.00307552,0,6.24894e-05,0.00307615,293.652,0,0,0,0,0.473729
43,0.891444,0,187862,-0,1.81573e-05,0,0,0,0,0,0,0.840914,0,-0.0024154,0.840918,75144.8,0.260239,0.00307379,0,6.4083e-05,0.00307446,293.654,0,0,0,0,0.473633
44,0.891461,0,187866,-0,1.81574e-05,0,0,0,0,0,0,0.834066,0,-0.00256001,0.83407,75146.6,0.264325,0.00307218,0,6.57551e-05,0.00307288,293.655,0,0,0,0,0.473546
45,0.891478,0,187871,-0,1.81574e-05,0,0,0,0,0,0,0.826954,0,-0.0027142,0.826958,75148.3,0.268478,0.00307064,0,6.75085e-05,0.00307138,293.656,0,0,0,0,0.473468
46,0.891496,0,187875,-0,1.81575e-05,0,0,0,0,0,0,0.819564,0,-0.00287882,0.819569,75150.1,0.272702,0.00306917,0,6.93467e-05,0.00306995,293.657,0,0,0,0,0.473396
47,0.891514,0,187880,-0,1.81575e-05,0,0,0,0,0,0,0.811881,0,-0.00305477,0.811887,75152,0.277,0.00306776,0,7.12729e-05,0.00306859,293.658,0,0,0,0,0.47333
48,0.891532,0,187885,-0,1.81576e-05,0,0,0,0,0,0,0.803886,0,-0.00324307,0.803893,75153.8,0.281379,0.00306645,0,7.32918e-05,0.00306733,293.66,0,0,0,0,0.473273
49,0.891551,0,187889,-0,1.81577e-05,0,0,0,0,0,0,0.795562,0,-0.00344482,0.795569,75155.7,0.285844,0.00306531,0,7.54084e-05,0.00306624,293.661,0,0,0,0,0.473232
50,0.891571,0,187894,-0,1.81577e-05,0,0,0,0,0,0,0.786887,0,-0.00366126,0.786895,75157.7,0.290403,0.00306444,0,7.76286e-05,0.00306542,293.662,0,0,0,0,0.473212
51,0.891591,0,187899,-0,1.81578e-05,0,0,0,0,0,0,0.77784,0,-0.00389374,0.77785,75159.6,0.295061,0.00306392,0,7.99581e-05,0.00306496,293.663,0,0,0,0,0.473222
52,0.891611,0,187904,-0,1.81578e-05,0,0,0,0,0,0,0.768397,0,-0.00414378,0.768408,75161.7,0.29983,0.00306377,2.16925e-26,8.24003e-05,0.00306487,293.664,0,0,0,0,0.473262
53,0.891633,0,187909,-0,1.81579e-05,0,0,0,0,0,0,0.758533,0,-0.00441302,0.758546,75163.7,0.304715,0.00306391,1.5128e-26,8.49562e-05,0.00306509,293.665,0,0,0,0,0.473328
54,0.891655,0,187915,-0,1.81579e-05,0,0,0,0,0,0,0.748218,0,-0.0047033,0.748233,75165.9,0.309725,0.00306425,0,8.76237e-05,0.0030655,293.666,0,0,0,0,0.47341
55,0.891678,0,187920,-0,1.8158e-05,0,0,0,0,0,0,0.737423,0,-0.00501667,0.73744,75168.1,0.314873,0.00306467,0,9.04005e-05,0.00306601,293.667,0,0,0,0,0.473502
56,0.891702,0,187926,-0,1.8158e-05,0,0,0,0,0,0,0.726113,0,-0.00535535,0.726133,75170.3,0.320165,0.00306521,0,9.3285e-05,0.00306663,293.668,0,0,0,0,0.473606
57,0.891727,0,187932,-0,1.81581e-05,0,0,0,0,0,0,0.714252,0,-0.00572183,0.714275,75172.6,0.325621,0.003066,-1.10671e-26,9.62774e-05,0.00306751,293.669,0,0,0,0,0.473732
58,0.891753,0,187938,-0,1.81581e-05,0,0,0,0,0,0,0.7018,0,-0.00611884,0.701826,75175,0.331254,0.00306725,-3.52265e-26,9.93786e-05,0.00306886,293.67,0,0,0,0,0.473897
59,0.89178,0,187944,-0,1.81581e-05,0,0,0,0,0,0,0.688711,0,-0.00654937,0.688742,75177.5,0.337084,0.0030691,-2.24107e-26,0.000102583,0.00307081,293.671,0,0,0,0,0.474111
60,0.891807,0,187950,-0,1.81582e-05,0,0,0,0,0,0,0.674937,0,-0.00701671,0.674973,75180.1,0.343132,0.00307147,0,0.000105874,0.00307329,293.672,0,0,0,0,0.474369
61,0.891835,0,187957,-0,1.81582e-05,0,0,0,0,0,0,0.660423,0,-0.00752444,0.660466,75182.8,0.349432,0.00307419,0,0.000109225,0.00307613,293.673,0,0,0,0,0.474657
62,0.891864,0,187964,-0,1.81583e-05,0,0,0,0,0,0,0.64511,0,-0.00807644,0.645161,75185.6,0.356037,0.00307714,0,0.000112602,0.0030792,293.675,0,0,0,0,0.474968
63,0.891893,0,187971,-0,1.81584e-05,0,0,0,0,0,0,0.628931,0,-0.00867685,0.628991,75188.5,0.362958,0.00308036,0,0.000115964,0.00308254,293.677,0,0,0,0,0.475304
64,0.891922,0,187979,-0,1.81585e-05,0,0,0,0,0,0,0.61181,0,-0.00933006,0.611881,75191.6,0.37019,0.00308378,0,0.000119252,0.00308609,293.679,0,0,0,0,0.475661
65,0.891953,0,187987,-0,1.81586e-05,0,0,0,0,0,0,0.593665,0,-0.0100406,0.59375,75194.9,0.377919,0.00308695,0,0.00012237,0.00308938,293.682,0,0,0,0,0.476004
66,0.891985,0,187996,-0,1.81588e-05,0,0,0,0,0,0,0.574403,0,-0.0108129,0.574505,75198.4,0.386148,0.00308935,0,0.000125194,0.00309189,293.685,0,0,0,0,0.476296
67,0.89202,0,188005,-0,1.8159e-05,0,0,0,0,0,0,0.553917,0,-0.0116514,0.55404,75202.1,0.394992,0.00309086,0,0.000127575,0.00309349,293.688,0,0,0,0,0.476529
68,0.892058,0,188016,-0,1.81591e-05,0,0,0,0,0,0,0.532089,0,-0.0125594,0.532238,75206.3,0.404736,0.00309139,1.11191e-25,0.000129321,0.00309409,293.691,0,0,0,0,0.476698
69,0.892102,0,188027,-0,1.81593e-05,0,0,0,0,0,0,0.508785,0,-0.0135394,0.508965,75210.8,0.415283,0.00309087,2.5102e-25,0.000130172,0.00309361,293.695,0,0,0,0,0.476801
70,0.892158,0,188040,-0,1.81594e-05,0,0,0,0,0,0,0.483849,0,-0.0145911,0.484069,75216,0.42766,0.00308861,8.22579e-26,0.000129754,0.00309133,293.697,0,0,0,0,0.476791
71,0.892222,0,188053,-0,1.81593e-05,0,0,0,0,0,0,0.457107,0,-0.0157104,0.457377,75221.2,0.439667,0.00308385,0,0.000127563,0.00308649,293.696,0,0,0,0,0.476613
72,0.892335,0,188075,-0,1.81592e-05,0,0,0,0,0,0,0.428355,0,-0.0168866,0.428688,75229.9,0.460265,0.00306997,-8.07466e-26,0.00012282,0.00307243,293.693,0,0,0,0,0.475765
73,0.89245,0,188100,-0,1.81592e-05,0,0,0,0,0,0,0.39736,0,-0.0181007,0.397772,75239.9,0.483785,0.00304105,-5.43037e-26,0.000123707,0.00304356,293.694,0,0,0,0,0.473679
74,0.89249,0,188120,-0,1.81601e-05,0,0,0,0,0,0,0.363858,0,-0.0195103,0.36438,75248.2,0.503173,0.00300339,1.23517e-25,0.000133954,0.00300637,293.713,0,0,0,0,0.470853
75,0.892456,0,188146,-0,1.81626e-05,0,0,0,0,0,0,0.327536,0,-0.0212149,0.328222,75258.5,0.527468,0.00296335,1.01612e-25,0.00014337,0.00296682,293.764,0,0,0,0,0.467817
76,0.892319,0,188172,-0,1.81667e-05,0,0,0,0,0,0,0.291607,0,-0.0230058,0.292513,75268.7,0.551385,0.00292274,0,0.000146149,0.00292639,293.849,0,0,0,0,0.464452
77,0.892152,0,188197,-0,1.81712e-05,0,0,0,0,0,0,0.259488,0,-0.0246176,0.260653,75278.7,0.574911,0.00288286,0,0.000141686,0.00288634,293.943,0,0,0,0,0.461136
78,0.892092,0,188224,-0,1.81742e-05,0,0,0,0,0,0,0.230772,0,-0.0259957,0.232232,75289.7,0.600818,0.00284405,2.45261e-25,0.000130511,0.00284704,294.006,0,0,0,0,0.45797
79,0.892208,0,188252,-0,1.81744e-05,0,0,0,0,0,0,0.205096,0,-0.0271136,0.206881,75300.9,0.627216,0.00280658,3.27423e-25,0.00011357,0.00280888,294.012,0,0,0,0,0.45502
80,0.892494,0,188283,-0,1.81722e-05,0,0,0,0,0,0,0.182137,0,-0.0279638,0.184271,75313.1,0.655692,0.00276338,9.35576e-27,9.13782e-05,0.00276489,293.965,0,0,0,0,0.45169
81,0.892839,0,188314,-0,1.81691e-05,0,0,0,0,0,0,0.161606,0,-0.0285517,0.164109,75325.7,0.685448,0.0027105,0,6.462e-05,0.00271127,293.901,0,0,0,0,0.447565
82,0.89313,0,188348,-0,1.8167e-05,0,0,0,0,0,0,0.143248,0,-0.0288909,0.146133,75339.1,0.716778,0.00264267,1.8414e-25,3.40564e-05,0.00264289,293.857,0,0,0,0,0.442101
83,0.893321,0,188382,-0,1.81666e-05,0,0,0,0,0,0,0.126834,0,-0.0289998,0.130108,75353,0.749545,0.00257074,2.41459e-25,6.90534e-07,0.00257074,293.848,0,0,0,0,0.436132
84,0.893428,0,188419,-0,1.81676e-05,0,0,0,0,0,0,0.112161,0,-0.0288992,0.115824,75367.4,0.783466,0.00249138,2.03725e-26,-3.48585e-05,0.00249162,293.869,0,0,0,0,0.429374
85,0.893501,0,188455,-0,1.81692e-05,0,0,0,0,0,0,0.0990464,0,-0.028611,0.103096,75382.1,0.817939,0.00239899,2.20853e-26,-7.17444e-05,0.00240006,293.903,0,0,0,0,0.421386
86,0.893579,0,188492,-0,1.81707e-05,0,0,0,0,0,0,0.0873283,0,-0.0281566,0.0917552,75396.8,0.852523,0.00228802,0,-0.00010873,0.0022906,293.934,0,0,0,0,0.41159
87,0.893674,0,188528,-0,1.81719e-05,0,0,0,0,0,0,0.0768618,0,-0.0275567,0.0816524,75411.2,0.886358,0.00215307,0,-0.000144083,0.00215789,293.959,0,0,0,0,0.399346
88,0.893782,0,188562,-0,1.81728e-05,0,0,0,0,0,0,0.0675179,0,-0.0268309,0.0726537,75424.9,0.918573,0.0019885,-9.7019e-26,-0.000175419,0.00199623,293.977,0,0,0,0,0.38387
89,0.893887,0,188593,-0,1.81734e-05,0,0,0,0,0,0,0.059181,0,-0.025997,0.0646393,75437.4,0.947883,0.00178791,-4.08337e-26,-0.000199465,0.001799,293.991,0,0,0,0,0.364094
90,0.893978,0,188620,-0,1.8174e-05,0,0,0,0,0,0,0.0517481,0,-0.0250716,0.0575017,75448,0.972782,0.00154375,3.51138e-26,-0.000211727,0.0015582,294.002,0,0,0,0,0.338435
91,0.894045,0,188640,-0,1.81744e-05,0,0,0,0,0,0,0.0451272,0,-0.0240695,0.051145,75455.9,0.991346,0.00124708,9.17057e-26,-0.000206036,0.00126399,294.011,0,0,0,0,0.304311
92,0.894079,0,188650,-0,1.81747e-05,0,0,0,0,0,0,0.0392363,0,-0.0230044,0.0454828,75460.1,1.00122,0.000887512,-3.16541e-25,-0.000173981,0.000904404,294.017,0,0,0,0,0.256862
93,0.894069,0,188648,-0,1.81747e-05,0,0,0,0,0,0,0.0340019,0,-0.0218886,0.040438,75459.3,0.9995,0.000453441,-2.21849e-25,-0.000104265,0.000465274,294.017,0,0,0,0,0.183742
94,0.894,0,188631,-0,1.81744e-05,0,0,0,0,0,0,0.0293586,0,-0.0207331,0.0359415,75452.2,0.982749,-6.73762e-05,-7.6007e-26,1.80126e-05,6.97424e-05,294.012,0,0,0,0,0.0709037
95,0.893854,0,188592,-0,1.81739e-05,0,0,0,0,0,0,0.025248,0,-0.0195483,0.0319311,75436.9,0.946879,-0.000686838,-5.60923e-25,0.000212028,0.00071882,294,0,0,0,0,0.226721
96,0.893607,0,188529,-0,1.8173e-05,0,0,0,0,0,0,0.0216179,0,-0.0183436,0.0283518,75411.6,0.88725,-0.0014149,0,0.000501674,0.0015012,293.983,0,0,0,0,0.326083
97,0.893231,0,188435,-0,1.81719e-05,0,0,0,0,0,0,0.0184216,0,-0.0171279,0.0251539,75373.9,0.798743,-0.00225744,0,0.000915583,0.00243605,293.96,0,0,0,0,0.41306
98,0.8927,0,188304,-0,1.81706e-05,0,0,0,0,0,0,0.015617,0,-0.0159097,0.0222937,75321.7,0.676089,-0.00321353,0,0.00148623,0.00354057,293.931,0,0,0,0,0.494747
99,0.891985,0,188132,-0,1.8169e-05,0,0,0,0,0,0,0.0131663,0,-0.0146973,0.0197323,75252.9,0.514281,-0.00427195,-5.17595e-25,0.00224771,0.00482719,293.898,0,0,0,0,0.57344
100,0.891063,0,187914,-0,1.81672e-05,0,0,0,0,0,0,0.0110351,0,-0.0134989,0.0174354,75165.6,0.309159,-0.0054078,-7.15026e-25,0.00323143,0.00629972,293.861,0,0,0,0,0.649735
101,0.88992,0,187647,-0,1.81653e-05,0,0,0,0,0,0,0.0091919,0,-0.0123224,0.0153731,75059,0.0584377,-0.00658056,1.28036e-24,0.00446005,0.00794958,293.82,0,0,0,0,0.723426
102,0.888554,0,187332,-0,1.81633e-05,0,0,0,0,0,0,0.00760749,0,-0.0111758,0.0135193,74932.9,-0.237838,-0.0077345,1.67866e-24,0.00594027,0.0097524,293.778,0,0,0,0,0.793882
103,0.886979,0,186972,-0,1.81612e-05,0,0,0,0,0,0,0.00625459,0,-0.0100665,0.0118513,74789,-0.576183,-0.00880323,0,0.00765604,0.0116667,293.734,0,0,0,0,0.860319
104,0.885228,0,186575,-0,1.8159e-05,0,0,0,0,0,0,0.00510743,0,-0.00900153,0.0103496,74629.9,-0.949987,-0.00971775,0,0.00956469,0.0136352,293.69,0,0,0,0,0.922027
105,0.883346,0,186150,-0,1.81569e-05,0,0,0,0,0,0,0.00414169,0,-0.0079869,0.0089969,74460.1,-1.34923,-0.0104181,4.75025e-25,0.0115981,0.0155901,293.645,0,0,0,0,0.978531
106,0.881393,0,185711,-0,1.81548e-05,0,0,0,0,0,0,0.00333432,0,-0.00702759,0.00777848,74284.4,-1.76209,-0.0108642,5.50649e-25,0.0136717,0.0174627,293.602,0,0,0,0,1.02978
107,0.879426,0,185270,-0,1.81528e-05,0,0,0,0,0,0,0.00266381,0,-0.00612711,0.00668112,74108.1,-2.17653,-0.0110416,0,0.0156968,0.0191913,293.56,0,0,0,0,1.07599
108,0.877502,0,184840,-0,1.81509e-05,0,0,0,0,0,0,0.00211027,0,-0.00528748,0.00569304,73936.1,-2.58091,-0.0109621,0,0.0175915,0.0207275,293.521,0,0,0,0,1.11762
109,0.875665,0,184430,-0,1.81492e-05,0,0,0,0,0,0,0.00165565,0,-0.00450923,0.00480358,73772.1,-2.96623,-0.0106605,0,0.0192956,0.0220447,293.484,0,0,0,0,1.15525
110,0.87395,0,184048,-0,1.81476e-05,0,0,0,0,0,0,0.00128381,0,-0.00379157,0.00400302,73619.3,-3.3255,-0.0101864,0,0.0207758,0.0231387,293.451,0,0,0,0,1.18951
111,0.872371,0,183697,-0,1.81462e-05,0,0,0,0,0,0,0.000980662,0,-0.00313256,0.00328247,73478.7,-3.65589,-0.00959023,-2.3394e-25,0.0220237,0.0240212,293.421,0,0,0,0,1.22076
112,0.870939,0,183378,-0,1.81449e-05,0,0,0,0,0,0,0.000734164,0,-0.00252933,0.00263373,73351.4,-3.9552,-0.00892077,-2.77492e-25,0.0230482,0.0247143,293.394,0,0,0,0,1.24914
113,0.869654,0,183093,-0,1.81437e-05,0,0,0,0,0,0,0.000533983,0,-0.0019785,0.00204929,73237.3,-4.22346,-0.0082222,0,0.0238776,0.0252536,293.37,0,0,0,0,1.27498
114,0.868504,0,182838,-0,1.81427e-05,0,0,0,0,0,0,0.000371526,0,-0.00147622,0.00152225,73135.1,-4.46353,-0.00752436,1.08341e-25,0.0245459,0.0256733,293.349,0,0,0,0,1.29825
115,0.867476,0,182610,-0,1.81419e-05,0,0,0,0,0,0,0.000239697,0,-0.00101848,0.0010463,73044,-4.67777,-0.00684488,1.44154e-25,0.0250801,0.0259974,293.331,0,0,0,0,1.31874
116,0.866562,0,182408,-0,1.81411e-05,0,0,0,0,0,0,0.000132712,0,-0.000601188,0.000615662,72963,-4.86808,-0.00619845,4.00507e-26,0.025509,0.0262513,293.314,0,0,0,0,1.33645
117,0.865752,0,182228,-0,1.81404e-05,0,0,0,0,0,0,4.5758e-05,0,-0.000220346,0.000225047,72891.2,-5.03693,-0.00559595,5.03035e-26,0.025869,0.0264674,293.3,0,0,0,0,1.35179
118,0.865017,0,182065,-0,1.81398e-05,0,0,0,0,0,0,-2.50135e-05,0,0.000127949,0.000130371,72826.1,-5.18988,-0.00503324,-3.58746e-26,0.0261758,0.0266553,293.287,0,0,0,0,1.36471
119,0.864359,0,181920,-0,1.81392e-05,0,0,0,0,0,0,-8.26488e-05,0,0.000447444,0.000455013,72767.9,-5.3267,-0.00450699,3.19131e-26,0.0264309,0.0268124,293.276,0,0,0,0,1.37505
120,0.863766,0,181788,-0,1.81387e-05,0,0,0,0,0,0,-0.000129668,0,0.000741686,0.000752935,72715.3,-5.45026,-0.00401377,2.4806e-25,0.0266443,0.026945,293.265,0,0,0,0,1.38309
121,0.863226,0,181669,-0,1.81383e-05,0,0,0,0,0,0,-0.000168003,0,0.00101405,0.00102787,72667.4,-5.56281,-0.0035473,1.30867e-26,0.0268119,0.0270455,293.255,0,0,0,0,1.38879
122,0.862741,0,181561,-0,1.81378e-05,0,0,0,0,0,0,-0.000199262,0,0.0012677,0.00128327,72624.5,-5.66386,-0.00310899,-2.11658e-25,0.0269426,0.0271214,293.246,0,0,0,0,1.39265
123,0.862294,0,181463,-0,1.81375e-05,0,0,0,0,0,0,-0.000224732,0,0.00150567,0.00152234,72585,-5.75653,-0.00269531,2.15873e-25,0.0270529,0.0271868,293.239,0,0,0,0,1.39527
124,0.861875,0,181371,-0,1.81372e-05,0,0,0,0,0,0,-0.0002454,0,0.00173079,0.0017481,72548.3,-5.84277,-0.00229827,-7.62355e-26,0.0271342,0.0272313,293.233,0,0,0,0,1.39665
125,0.861489,0,181286,-0,1.8137e-05,0,0,0,0,0,0,-0.000262014,0,0.00194583,0.00196339,72514.6,-5.92206,-0.00191748,-3.41691e-25,0.0271866,0.0272541,293.228,0,0,0,0,1.39703
126,0.861134,0,181208,-0,1.81367e-05,0,0,0,0,0,0,-0.000275206,0,0.00215339,0.00217091,72483.3,-5.99561,-0.00155232,0,0.0272305,0.0272747,293.223,0,0,0,0,1.39727
127,0.860794,0,181133,-0,1.81364e-05,0,0,0,0,0,0,-0.0002854,0,0.00235605,0.00237327,72453.1,-6.06667,-0.00119302,1.51327e-25,0.0272588,0.0272849,293.216,0,0,0,0,1.39711
128,0.860472,0,181061,-0,1.81361e-05,0,0,0,0,0,0,-0.00029284,0,0.0025563,0.00257302,72424.3,-6.13423,-0.000837235,1.53814e-25,0.0272587,0.0272715,293.21,0,0,0,0,1.3963
129,0.860166,0,180992,-0,1.81358e-05,0,0,0,0,0,0,-0.000297702,0,0.00275661,0.00277264,72397,-6.19853,-0.000485227,0,0.027248,0.0272524,293.203,0,0,0,0,1.39528
130,0.859865,0,180925,-0,1.81354e-05,0,0,0,0,0,0,-0.000300016,0,0.0029593,0.00297447,72370,-6.26197,-0.000131268,0,0.0272344,0.0272347,293.197,0,0,0,0,1.39411
131,0.859566,0,180858,-0,1.81351e-05,0,0,0,0,0,0,-0.000299679,0,0.00316672,0.00318087,72343.3,-6.32469,0.000229144,0,0.0272086,0.0272096,293.19,0,0,0,0,1.39248
132,0.859271,0,180792,-0,1.81348e-05,0,0,0,0,0,0,-0.000296463,0,0.00338126,0.00339423,72316.8,-6.38689,0.000598873,0,0.0271691,0.0271757,293.184,0,0,0,0,1.39028
133,0.858975,0,180726,-0,1.81345e-05,0,0,0,0,0,0,-0.00029001,0,0.00360538,0.00361703,72290.4,-6.44903,0.000982256,2.08599e-25,0.0271139,0.0271317,293.177,0,0,0,0,1.3874
134,0.858675,0,180659,-0,1.81342e-05,0,0,0,0,0,0,-0.000279784,0,0.00384165,0.00385182,72263.6,-6.51196,0.00138308,-3.76081e-25,0.0270316,0.0270669,293.171,0,0,0,0,1.38346
135,0.85838,0,180593,-0,1.81339e-05,0,0,0,0,0,0,-0.000265074,0,0.00409274,0.00410132,72237.2,-6.57404,0.00180169,-5.61358e-25,0.0269236,0.0269838,293.165,0,0,0,0,1.37841
136,0.858082,0,180526,-0,1.81336e-05,0,0,0,0,0,0,-0.000244996,0,0.0043615,0.00436838,72210.6,-6.6367,0.00224099,0,0.0267954,0.0268889,293.159,0,0,0,0,1.37234
137,0.857786,0,180460,-0,1.81333e-05,0,0,0,0,0,0,-0.000218391,0,0.00465093,0.00465605,72184.2,-6.69878,0.0027044,-3.40611e-25,0.0266467,0.0267836,293.152,0,0,0,0,1.36521
138,0.857484,0,180393,-0,1.8133e-05,0,0,0,0,0,0,-0.000183828,0,0.0049642,0.0049676,72157.2,-6.76222,0.00319632,-3.15311e-25,0.0264593,0.0266516,293.146,0,0,0,0,1.35662
139,0.857193,0,180328,-0,1.81327e-05,0,0,0,0,0,0,-0.000139413,0,0.00530471,0.00530654,72131.2,-6.82313,0.00371369,1.70422e-24,0.0262235,0.0264852,293.14,0,0,0,0,1.34624
140,0.856913,0,180266,-0,1.81325e-05,0,0,0,0,0,0,-8.30134e-05,0,0.00567608,0.00567669,72106.2,-6.88194,0.00425798,1.57482e-24,0.0259439,0.026291,293.134,0,0,0,0,1.3344
141,0.856648,0,180206,-0,1.81322e-05,0,0,0,0,0,0,-1.18173e-05,0,0.00608215,0.00608216,72082.5,-6.93781,0.00482836,0,0.0256093,0.0260605,293.128,0,0,0,0,1.32084
142,0.85641,0,180153,-0,1.81319e-05,0,0,0,0,0,0,7.74178e-05,0,0.006527,0.00652746,72061.1,-6.98795,0.00542148,-2.57902e-24,0.0252145,0.0257908,293.123,0,0,0,0,1.30573
143,0.856204,0,180106,-0,1.81317e-05,0,0,0,0,0,0,0.000188744,0,0.00701493,0.00701747,72042.5,-7.03176,0.00603388,-5.16563e-24,0.0247514,0.0254763,293.118,0,0,0,0,1.28902
144,0.856046,0,180070,-0,1.81314e-05,0,0,0,0,0,0,0.00032692,0,0.00755048,0.00755755,72028,-7.06575,0.00665837,-2.55705e-24,0.0242108,0.0251097,293.113,0,0,0,0,1.27082
145,0.855946,0,180046,-0,1.81312e-05,0,0,0,0,0,0,0.000497699,0,0.00813834,0.00815354,72018.4,-7.08841,0.00728638,0,0.0235832,0.0246831,293.108,0,0,0,0,1.25114
146,0.855924,0,180038,-0,1.8131e-05,0,0,0,0,0,0,0.000707842,0,0.00878337,0.00881185,72015.4,-7.09547,0.00790509,0,0.0228647,0.0241926,293.103,0,0,0,0,1.23013
147,0.855994,0,180050,-0,1.81307e-05,0,0,0,0,0,0,0.000965214,0,0.00949058,0.00953953,72020.1,-7.08447,0.00850352,0,0.02206,0.0236422,293.098,0,0,0,0,1.20811
148,0.856164,0,180083,-0,1.81305e-05,0,0,0,0,0,0,0.00127896,0,0.010265,0.0103444,72033.1,-7.05382,0.00906808,0,0.0211668,0.0230275,293.093,0,0,0,0,1.18524
149,0.856454,0,180140,-0,1.81302e-05,0,0,0,0,0,0,0.00165969,0,0.0111116,0.0112349,72055.9,-7.0002,0.00958207,0,0.0201873,0.022346,293.087,0,0,0,0,1.16149
150,0.856875,0,180223,-0,1.81298e-05,0,0,0,0,0,0,0.00211935,0,0.0120355,0.0122207,72089.4,-6.92151,0.0100318,0,0.0191338,0.0216041,293.079,0,0,0,0,1.13714
151,0.857429,0,180333,-0,1.81293e-05,0,0,0,0,0,0,0.00267153,0,0.0130415,0.0133123,72133.3,-6.8182,0.0104049,0,0.0180175,0.0208061,293.068,0,0,0,0,1.11228
152,0.858122,0,180471,-0,1.81286e-05,0,0,0,0,0,0,0.00333146,0,0.0141344,0.0145217,72188.2,-6.6892,0.0106895,3.14732e-24,0.0168532,0.0199574,293.054,0,0,0,0,1.08691
153,0.858952,0,180634,-0,1.81277e-05,0,0,0,0,0,0,0.004116,0,0.0153189,0.0158622,72253.4,-6.536,0.0108795,8.2556e-24,0.0156605,0.0190687,293.035,0,0,0,0,1.06119
154,0.859909,0,180819,-0,1.81265e-05,0,0,0,0,0,0,0.00504392,0,0.0165994,0.0173488,72327.7,-6.36127,0.0109711,-3.64169e-25,0.0144566,0.0181483,293.01,0,0,0,0,1.03509
155,0.860983,0,181026,-0,1.8125e-05,0,0,0,0,0,0,0.00613584,0,0.0179805,0.0189986,72410.3,-6.16717,0.010964,-4.11295e-24,0.0132599,0.0172056,292.979,0,0,0,0,1.00864
156,0.862157,0,181248,-0,1.81231e-05,0,0,0,0,0,0,0.00741445,0,0.0194664,0.0208306,72499.3,-5.95799,0.0108618,0,0.0120865,0.01625,292.939,0,0,0,0,0.981852
157,0.863413,0,181483,-0,1.81209e-05,0,0,0,0,0,0,0.00890472,0,0.0210615,0.0228666,72593.2,-5.73727,0.0106697,-1.36622e-23,0.0109498,0.0152886,292.892,0,0,0,0,0.954643
158,0.864728,0,181726,-0,1.81183e-05,0,0,0,0,0,0,0.010634,0,0.0227704,0.0251311,72690.3,-5.50917,0.0103948,-1.10678e-23,0.00986009,0.0143273,292.838,0,0,0,0,0.926975
159,0.866079,0,181972,-0,1.81154e-05,0,0,0,0,0,0,0.0126325,0,0.0245976,0.0276518,72788.7,-5.27772,0.0100446,0,0.00882447,0.0133703,292.777,0,0,0,0,0.898705
160,0.867443,0,182218,-0,1.81123e-05,0,0,0,0,0,0,0.0149335,0,0.0265477,0.0304596,72887.2,-5.04618,0.00962795,1.0936e-23,0.00784834,0.0124215,292.712,0,0,0,0,0.869741
161,0.868797,0,182461,-0,1.81091e-05,0,0,0,0,0,0,0.0175738,0,0.0286255,0.0335896,72984.4,-4.8178,0.00915559,8.74125e-24,0.00693612,0.0114863,292.646,0,0,0,0,0.840042
162,0.870119,0,182698,-0,1.8106e-05,0,0,0,0,0,0,0.0205941,0,0.030836,0.0370807,73079.1,-4.5951,0.00864009,0,0.00609139,0.0105715,292.581,0,0,0,0,0.809672
163,0.871391,0,182927,-0,1.8103e-05,0,0,0,0,0,0,0.0240396,0,0.033184,0.0409766,73170.7,-4.37997,0.00809681,0,0.00531791,0.00968703,292.519,0,0,0,0,0.778847
164,0.872601,0,183146,-0,1.81004e-05,0,0,0,0,0,0,0.0279606,0,0.0356743,0.045326,73258.5,-4.1736,0.00754357,0,0.0046192,0.00884548,292.464,0,0,0,0,0.747986
165,0.873739,0,183355,-0,1.80981e-05,0,0,0,0,0,0,0.032413,0,0.0383114,0.0501833,73342.2,-3.97691,0.00699885,0,0.00399722,0.00805988,292.417,0,0,0,0,0.717653
166,0.874801,0,183554,-0,1.80963e-05,0,0,0,0,0,0,0.0374593,0,0.0410992,0.0556088,73421.6,-3.79013,0.0064796,-1.79362e-23,0.00345166,0.0073416,292.378,0,0,0,0,0.68847
167,0.875786,0,183742,-0,1.80949e-05,0,0,0,0,0,0,0.0431689,0,0.044041,0.0616698,73496.9,-3.61314,0.00599951,-1.97921e-23,0.00297965,0.00669869,292.349,0,0,0,0,0.661045
168,0.876696,0,183921,-0,1.80939e-05,0,0,0,0,0,0,0.0496196,0,0.0471386,0.0684408,73568.2,-3.44557,0.0055677,-4.41991e-24,0.00257572,0.00613462,292.329,0,0,0,0,0.635879
169,0.877535,0,184089,-0,1.80933e-05,0,0,0,0,0,0,0.0568979,0,0.0503923,0.0760049,73635.7,-3.28689,0.00518822,-8.70202e-24,0.00223239,0.00564812,292.317,0,0,0,0,0.613287
170,0.878311,0,184249,-0,1.80931e-05,0,0,0,0,0,0,0.0651006,0,0.0537998,0.0844541,73699.7,-3.13643,0.00486062,-7.05373e-24,0.00194104,0.00523386,292.313,0,0,0,0,0.59338
171,0.879027,0,184401,-0,1.80933e-05,0,0,0,0,0,0,0.0743357,0,0.0573559,0.0938909,73760.5,-2.99348,0.00458092,0,0.00169278,0.00488368,292.316,0,0,0,0,0.576069
172,0.879692,0,184546,-0,1.80937e-05,0,0,0,0,0,0,0.0847237,0,0.0610511,0.104429,73818.5,-2.85724,0.00434292,0,0.00147917,0.00458791,292.324,0,0,0,0,0.561109
173,0.88031,0,184685,-0,1.80944e-05,0,0,0,0,0,0,0.0963989,0,0.0648705,0.116194,73874,-2.72691,0.00413924,0,0.00129271,0.00433641,292.338,0,0,0,0,0.548143
174,0.880888,0,184818,-0,1.80953e-05,0,0,0,0,0,0,0.109511,0,0.0687924,0.129326,73927.3,-2.60155,0.00396225,1.47023e-23,0.00112709,0.00411944,292.357,0,0,0,0,0.536752
175,0.881432,0,184947,-0,1.80964e-05,0,0,0,0,0,0,0.124228,0,0.0727865,0.14398,73978.9,-2.48029,0.00380457,1.21717e-23,0.000977147,0.00392805,292.381,0,0,0,0,0.526492
176,0.881948,0,185073,-0,1.80977e-05,0,0,0,0,0,0,0.140733,0,0.0768113,0.16033,74029.2,-2.36195,0.0036595,0,0.000838943,0.00375443,292.409,0,0,0,0,0.516925
177,0.882441,0,185197,-0,1.80993e-05,0,0,0,0,0,0,0.159234,0,0.0808118,0.178567,74078.7,-2.24558,0.00352103,0,0.000709551,0.00359181,292.441,0,0,0,0,0.507631
178,0.882917,0,185320,-0,1.8101e-05,0,0,0,0,0,0,0.179959,0,0.084716,0.198902,74128.1,-2.12965,0.00338416,5.82648e-24,0.000587,0.00343469,292.478,0,0,0,0,0.498226
179,0.883382,0,185444,-0,1.8103e-05,0,0,0,0,0,0,0.20316,0,0.0884309,0.221572,74177.6,-2.01311,0.0032443,4.77784e-24,0.00047005,0.00327817,292.519,0,0,0,0,0.488332
180,0.883844,0,185571,-0,1.81053e-05,0,0,0,0,0,0,0.229116,0,0.0918381,0.246837,74228.5,-1.89362,0.00309724,0,0.000358139,0.00311788,292.567,0,0,0,0,0.477565
181,0.884302,0,185702,-0,1.81079e-05,0,0,0,0,0,0,0.258134,0,0.0947877,0.274987,74280.8,-1.77068,0.00293849,0,0.000251291,0.00294921,292.622,0,0,0,0,0.465479
182,0.884779,0,185842,-0,1.81109e-05,0,0,0,0,0,0,0.290549,0,0.0970917,0.306342,74336.7,-1.63921,0.00276539,9.6092e-25,0.000150326,0.00276948,292.684,0,0,0,0,0.451732
183,0.885261,0,185988,-0,1.81143e-05,0,0,0,0,0,0,0.326728,0,0.0985164,0.341257,74395.1,-1.50191,0.00257785,7.94541e-25,5.6628e-05,0.00257848,292.754,0,0,0,0,0.436137
184,0.885751,0,186139,-0,1.81179e-05,0,0,0,0,0,0,0.367067,0,0.0987726,0.380124,74455.5,-1.35994,0.00238181,-5.03772e-25,-2.38795e-05,0.00238193,292.83,0,0,0,0,0.419218
185,0.886267,0,186296,-0,1.81216e-05,0,0,0,0,0,0,0.40745,0,0.0977071,0.419002,74518.3,-1.21234,0.00220596,-5.05625e-25,-8.30061e-05,0.00220752,292.906,0,0,0,0,0.402727
186,0.886732,0,186440,-0,1.8125e-05,0,0,0,0,0,0,0.443916,0,0.0958809,0.454153,74575.9,-1.07712,0.00208556,0,-0.000121064,0.00208907,292.979,0,0,0,0,0.390826
187,0.887059,0,186549,-0,1.81281e-05,0,0,0,0,0,0,0.477004,0,0.0936696,0.486114,74619.7,-0.973962,0.00202864,0,-0.000149545,0.00203414,293.043,0,0,0,0,0.384758
188,0.887324,0,186640,-0,1.81308e-05,0,0,0,0,0,0,0.507161,0,0.0912187,0.515299,74656.1,-0.888499,0.00201231,0,-0.000175702,0.00201997,293.098,0,0,0,0,0.382558
189,0.887562,0,186720,-0,1.8133e-05,0,0,0,0,0,0,0.534756,0,0.0886271,0.542051,74688,-0.813422,0.00201127,0,-0.000199664,0.00202116,293.145,0,0,0,0,0.381866
190,0.887775,0,186790,-0,1.81349e-05,0,0,0,0,0,0,0.560104,0,0.0859629,0.566662,74716.1,-0.747359,0.00201361,3.1976e-24,-0.000221316,0.00202574,293.185,0,0,0,0,0.381548
191,0.887964,0,186853,-0,1.81366e-05,0,0,0,0,0,0,0.583467,0,0.0832733,0.58938,74741.1,-0.688682,0.00201588,3.27734e-24,-0.000240826,0.00203022,293.22,0,0,0,0,0.381273
192,0.888135,0,186909,-0,1.81381e-05,0,0,0,0,0,0,0.60507,0,0.080591,0.610414,74763.5,-0.635959,0.00201759,-2.89335e-24,-0.000258484,0.00203408,293.252,0,0,0,0,0.38099
193,0.888289,0,186959,-0,1.81395e-05,0,0,0,0,0,0,0.625106,0,0.0779387,0.629946,74783.8,-0.588414,0.00201896,-2.96345e-24,-0.000274586,0.00203754,293.281,0,0,0,0,0.380718
194,0.888428,0,187005,-0,1.81407e-05,0,0,0,0,0,0,0.643739,0,0.0753319,0.648132,74802.1,-0.545239,0.00202025,0,-0.000289386,0.00204087,293.307,0,0,0,0,0.380478
195,0.888554,0,187047,-0,1.81419e-05,0,0,0,0,0,0,0.661112,0,0.0727811,0.665106,74818.9,-0.505939,0.00202161,0,-0.000303082,0.00204421,293.331,0,0,0,0,0.380281
196,0.888669,0,187085,-0,1.81429e-05,0,0,0,0,0,0,0.67735,0,0.0702929,0.680988,74834.1,-0.470018,0.00202313,0,-0.000315833,0.00204763,293.353,0,0,0,0,0.380132
197,0.888774,0,187120,-0,1.81439e-05,0,0,0,0,0,0,0.692561,0,0.0678715,0.695879,74848.1,-0.437134,0.0020248,0,-0.000327763,0.00205116,293.373,0,0,0,0,0.380029
198,0.888871,0,187152,-0,1.81448e-05,0,0,0,0,0,0,0.70684,0,0.0655192,0.70987,74861,-0.406955,0.00202662,-2.1567e-24,-0.000338971,0.00205477,293.391,0,0,0,0,0.37997
199,0.88896,0,187182,-0,1.81456e-05,0,0,0,0,0,0,0.720271,0,0.0632367,0.723042,74872.8,-0.379229,0.0020286,-5.00307e-24,-0.000349545,0.0020585,293.408,0,0,0,0,0.379952
200,0.889041,0,187209,-0,1.81463e-05,0,0,0,0,0,0,0.732928,0,0.061024,0.735464,74883.6,-0.35372,0.00203077,-1.87464e-24,-0.000359562,0.00206236,293.424,0,0,0,0,0.379976
201,0.889116,0,187234,-0,1.8147e-05,0,0,0,0,0,0,0.744877,0,0.0588801,0.7472,74893.6,-0.330228,0.00203311,5.13078e-26,-0.000369082,0.00206634,293.438,0,0,0,0,0.380041
202,0.889186,0,187257,-0,1.81476e-05,0,0,0,0,0,0,0.756176,0,0.0568038,0.758306,74902.8,-0.308571,0.00203558,-8.75807e-25,-0.000378149,0.00207041,293.451,0,0,0,0,0.380139
203,0.889249,0,187278,-0,1.81482e-05,0,0,0,0,0,0,0.766877,0,0.0547932,0.768832,74911.3,-0.288591,0.00203812,7.66997e-25,-0.000386798,0.00207449,293.464,0,0,0,0,0.380264
204,0.889307,0,187298,-0,1.81488e-05,0,0,0,0,0,0,0.777027,0,0.0528466,0.778822,74919.2,-0.270137,0.0020407,7.43251e-25,-0.000395064,0.00207859,293.475,0,0,0,0,0.380412
205,0.88936,0,187316,-0,1.81493e-05,0,0,0,0,0,0,0.786668,0,0.0509618,0.788317,74926.4,-0.253078,0.00204333,-2.05759e-24,-0.000402981,0.00208269,293.486,0,0,0,0,0.380583
206,0.889408,0,187333,-0,1.81498e-05,0,0,0,0,0,0,0.795839,0,0.0491366,0.797354,74933.1,-0.237292,0.00204601,-1.96531e-24,-0.000410578,0.0020868,293.497,0,0,0,0,0.380775
207,0.889451,0,187348,-0,1.81503e-05,0,0,0,0,0,0,0.804572,0,0.0473689,0.805966,74939.4,-0.22267,0.00204872,-5.31324e-25,-0.00041788,0.0020909,293.507,0,0,0,0,0.380986
208,0.88949,0,187363,-0,1.81508e-05,0,0,0,0,0,0,0.8129,0,0.0456565,0.814181,74945.1,-0.209109,0.00205144,-2.09294e-24,-0.000424905,0.00209498,293.517,0,0,0,0,0.381214
209,0.889525,0,187376,-0,1.81512e-05,0,0,0,0,0,0,0.820851,0,0.0439973,0.822029,74950.5,-0.196522,0.00205416,-1.05882e-24,-0.000431671,0.00209902,293.526,0,0,0,0,0.381456
210,0.889558,0,187389,-0,1.81516e-05,0,0,0,0,0,0,0.828449,0,0.0423891,0.829533,74955.5,-0.184827,0.00205685,3.91838e-25,-0.000438192,0.00210301,293.535,0,0,0,0,0.38171
211,0.889587,0,187400,-0,1.8152e-05,0,0,0,0,0,0,0.835718,0,0.0408298,0.836715,74960.1,-0.173945,0.00205949,0,-0.000444479,0.00210691,293.543,0,0,0,0,0.381974
212,0.889614,0,187411,-0,1.81524e-05,0,0,0,0,0,0,0.842681,0,0.0393176,0.843597,74964.4,-0.163814,0.00206207,0,-0.000450544,0.00211072,293.551,0,0,0,0,0.382245
213,0.88964,0,187421,-0,1.81528e-05,0,0,0,0,0,0,0.849355,0,0.0378504,0.850198,74968.4,-0.154358,0.00206458,2.36393e-25,-0.000456397,0.00211443,293.558,0,0,0,0,0.382524
214,0.889663,0,187430,-0,1.81531e-05,0,0,0,0,0,0,0.855759,0,0.0364264,0.856534,74972.2,-0.145527,0.00206702,2.02624e-25,-0.000462051,0.00211803,293.565,0,0,0,0,0.382808
215,0.889685,0,187439,-0,1.81534e-05,0,0,0,0,0,0,0.86191,0,0.0350438,0.862622,74975.7,-0.137268,0.00206937,-5.66156e-25,-0.000467514,0.00212152,293.572,0,0,0,0,0.383097
216,0.889705,0,187447,-0,1.81537e-05,0,0,0,0,0,0,0.867823,0,0.033701,0.868477,74979,-0.129545,0.00207164,-1.3132e-25,-0.000472793,0.0021249,293.578,0,0,0,0,0.383391
217,0.889724,0,187455,-0,1.8154e-05,0,0,0,0,0,0,0.873511,0,0.0323962,0.874112,74982.1,-0.122314,0.00207381,2.31806e-25,-0.000477899,0.00212817,293.584,0,0,0,0,0.383688
218,0.889741,0,187462,-0,1.81543e-05,0,0,0,0,0,0,0.878988,0,0.031128,0.879539,74985,-0.115531,0.00207589,0,-0.000482837,0.0021313,293.59,0,0,0,0,0.383988
219,0.889756,0,187469,-0,1.81545e-05,0,0,0,0,0,0,0.884265,0,0.0298949,0.884771,74987.7,-0.10916,0.00207786,6.77845e-26,-0.000487613,0.00213431,293.595,0,0,0,0,0.38429
220,0.889771,0,187476,-0,1.81548e-05,0,0,0,0,0,0,0.889354,0,0.0286954,0.889817,74990.2,-0.103172,0.00207971,-1.03051e-25,-0.000492231,0.00213717,293.6,0,0,0,0,0.384592
221,0.889784,0,187482,-0,1.8155e-05,0,0,0,0,0,0,0.894265,0,0.0275282,0.894688,74992.6,-0.097523,0.00208144,-1.77829e-25,-0.000496694,0.00213988,293.605,0,0,0,0,0.384895
222,0.889797,0,187487,-0,1.81552e-05,0,0,0,0,0,0,0.899007,0,0.026392,0.899394,74994.9,-0.0921938,0.00208304,0,-0.000501009,0.00214244,293.61,0,0,0,0,0.385197
223,0.88981,0,187493,-0,1.81554e-05,0,0,0,0,0,0,0.903589,0,0.0252856,0.903943,74997,-0.0871434,0.00208455,0,-0.00050519,0.00214489,293.614,0,0,0,0,0.385503
224,0.889824,0,187498,-0,1.81556e-05,0,0,0,0,0,0,0.908019,0,0.0242078,0.908342,74999.1,-0.0823685,0.00208604,0,-0.00050926,0.0021473,293.618,0,0,0,0,0.38582
225,0.889838,0,187502,-0,1.81557e-05,0,0,0,0,0,0,0.912306,0,0.0231575,0.9126,75001,-0.0778244,0.00208759,5.37588e-25,-0.000513242,0.00214975,293.621,0,0,0,0,0.386155
226,0.889853,0,187507,-0,1.81558e-05,0,0,0,0,0,0,0.916456,0,0.0221336,0.916723,75002.8,-0.0735291,0.00208916,6.12211e-25,-0.000517131,0.00215221,293.623,0,0,0,0,0.386504
227,0.889867,0,187511,-0,1.81559e-05,0,0,0,0,0,0,0.920476,0,0.0211352,0.920719,75004.5,-0.0695345,0.00209046,6.79732e-25,-0.000520862,0.00215437,293.625,0,0,0,0,0.386841
228,0.889883,0,187515,-0,1.8156e-05,0,0,0,0,0,0,0.924372,0,0.0201612,0.924592,75006.1,-0.0657347,0.00209138,8.04653e-25,-0.000524409,0.00215612,293.626,0,0,0,0,0.387154
229,0.8899,0,187519,-0,1.8156e-05,0,0,0,0,0,0,0.928151,0,0.0192108,0.928349,75007.7,-0.0620235,0.00209241,0,-0.000527898,0.00215798,293.626,0,0,0,0,0.387492
230,0.889917,0,187523,-0,1.8156e-05,0,0,0,0,0,0,0.931817,0,0.018283,0.931996,75009.2,-0.0585398,0.00209379,-1.16777e-25,-0.000531392,0.00216017,293.627,0,0,0,0,0.387874
231,0.889934,0,187527,-0,1.8156e-05,0,0,0,0,0,0,0.935376,0,0.017377,0.935537,75010.6,-0.0551982,0.00209528,-1.23165e-25,-0.000534838,0.00216246,293.626,0,0,0,0,0.38828
232,0.889951,0,187530,-0,1.8156e-05,0,0,0,0,0,0,0.938833,0,0.0164921,0.938978,75012,-0.05206,0.00209674,0,-0.000538204,0.00216471,293.626,0,0,0,0,0.388696
233,0.889966,0,187533,-0,1.8156e-05,0,0,0,0,0,0,0.942192,0,0.0156274,0.942322,75013.2,-0.0490424,0.00209804,-6.61079e-26,-0.000541458,0.00216679,293.626,0,0,0,0,0.38911
234,0.889981,0,187536,-0,1.8156e-05,0,0,0,0,0,0,0.945458,0,0.0147823,0.945573,75014.5,-0.0461619,0.00209917,-7.08308e-26,-0.000544597,0.00216866,293.626,0,0,0,0,0.389521
235,0.889994,0,187539,-0,1.8156e-05,0,0,0,0,0,0,0.948634,0,0.0139561,0.948737,75015.6,-0.0433899,0.00210011,0,-0.000547622,0.00217033,293.626,0,0,0,0,0.389928
236,0.890005,0,187542,-0,1.81561e-05,0,0,0,0,0,0,0.951725,0,0.013148,0.951816,75016.8,-0.0407423,0.00210092,0,-0.00055055,0.00217186,293.627,0,0,0,0,0.390336
237,0.890012,0,187545,-0,1.81561e-05,0,0,0,0,0,0,0.954735,0,0.0123575,0.954815,75017.8,-0.0382429,0.00210175,1.21298e-24,-0.000553423,0.00217339,293.629,0,0,0,0,0.39076
238,0.890013,0,187547,-0,1.81563e-05,0,0,0,0,0,0,0.957666,0,0.0115839,0.957736,75018.9,-0.0357895,0.00210323,1.20531e-24,-0.000556406,0.00217558,293.633,0,0,0,0,0.391255
239,0.890007,0,187550,-0,1.81566e-05,0,0,0,0,0,0,0.960521,0,0.0108266,0.960582,75019.9,-0.0334704,0.00210621,0,-0.000559734,0.00217931,293.639,0,0,0,0,0.391902
240,0.889994,0,187552,-0,1.8157e-05,0,0,0,0,0,0,0.963305,0,0.0100852,0.963358,75020.8,-0.0311996,0.0021117,0,-0.000563684,0.00218564,293.647,0,0,0,0,0.392796
241,0.889978,0,187554,-0,1.81574e-05,0,0,0,0,0,0,0.966019,0,0.00935908,0.966064,75021.8,-0.0290333,0.00212053,-1.20548e-24,-0.000568486,0.00219541,293.656,0,0,0,0,0.394017
242,0.889964,0,187557,-0,1.81578e-05,0,0,0,0,0,0,0.968667,0,0.00864771,0.968706,75022.7,-0.0268117,0.00213264,-1.97784e-26,-0.00057414,0.00220858,293.664,0,0,0,0,0.39556
243,0.88995,0,187559,-0,1.81582e-05,0,0,0,0,0,0,0.971251,0,0.00795062,0.971283,75023.5,-0.0248544,0.00214075,-4.38728e-24,-0.000578685,0.00221758,293.672,0,0,0,0,0.396752
244,0.889944,0,187561,-0,1.81584e-05,0,0,0,0,0,0,0.973773,0,0.00726735,0.9738,75024.4,-0.0228115,0.00214081,2.15852e-24,-0.000581016,0.00221825,293.677,0,0,0,0,0.397222
245,0.889951,0,187563,-0,1.81585e-05,0,0,0,0,0,0,0.976237,0,0.00659746,0.976259,75025.4,-0.0205338,0.00213205,-1.75987e-24,-0.000580896,0.00220977,293.679,0,0,0,0,0.396899
246,0.889971,0,187566,-0,1.81584e-05,0,0,0,0,0,0,0.978643,0,0.0059405,0.978661,75026.3,-0.0183857,0.00211815,1.19781e-26,-0.000579307,0.00219594,293.676,0,0,0,0,0.396122
247,0.890002,0,187568,-0,1.8158e-05,0,0,0,0,0,0,0.980995,0,0.00529608,0.981009,75027.1,-0.0165303,0.00210296,2.96537e-26,-0.000577291,0.00218076,293.669,0,0,0,0,0.395246
248,0.890041,0,187570,-0,1.81576e-05,0,0,0,0,0,0,0.983294,0,0.00466379,0.983305,75028.1,-0.0141943,0.00208751,-8.28552e-25,-0.000575129,0.00216529,293.66,0,0,0,0,0.394363
249,0.890073,0,187572,-0,1.81572e-05,0,0,0,0,0,0,0.985542,0,0.00404327,0.985551,75028.8,-0.0124923,0.00206701,-1.84769e-24,-0.0005715,0.00214456,293.652,0,0,0,0,0.393014
250,0.890104,0,187576,-0,1.8157e-05,0,0,0,0,0,0,0.987741,0,0.00343413,0.987747,75030.2,-0.00912481,0.00203305,9.5682e-25,-0.000564058,0.00210984,293.647,0,0,0,0,0.390381
251,0.89011,0,187577,-0,1.8157e-05,0,0,0,0,0,0,0.989893,0,0.00283605,0.989897,75030.6,-0.00812592,0.00196595,-1.44724e-25,-0.00054729,0.0020407,293.647,0,0,0,0,0.384503
252,0.890146,0,187585,-0,1.8157e-05,0,0,0,0,0,0,0.992,0,0.00224867,0.992002,75033.9,-0.000509401,0.00185362,-8.84887e-24,-0.000517731,0.00192457,293.648,0,0,0,0,0.37399
253,0.890133,0,187580,-0,1.81569e-05,0,0,0,0,0,0,0.994062,0,0.00167168,0.994064,75032.1,-0.00476441,0.00167268,2.22446e-25,-0.000468708,0.00173711,293.645,0,0,0,0,0.355893
254,0.89042,0,187632,-0,1.81562e-05,0,0,0,0,0,0,0.996082,0,0.00110477,0.996083,75052.8,0.0440532,0.00154669,-4.03132e-25,-0.000434778,0.00160663,293.631,0,0,0,0,0.342924
255,0.890108,0,187549,-0,1.8155e-05,0,0,0,0,0,0,0.998061,0,0.000547642,0.998061,75019.6,-0.03408,0.0014601,1.96462e-23,-0.000411715,0.00151703,293.604,0,0,0,0,0.333795
256,0.890719,0,187653,-0,1.81531e-05,0,0,0,0,0,0,1,-1,-4.43113e-09,1.41421,75061.3,0.0639264,-0.000139755,-1.09364e-19,-0.00102313,0.00103263,293.566,0,0,0,0,0.276044
257,0.890793,0,187677,-0,1.81537e-05,0,0,0,0,0,0,0.997983,-1,-2.13477e-05,1.41279,75070.8,0.0861508,0.00339982,0,3.61304e-05,0.00340002,293.578,0,0,0,0,0.497509
258,0.890815,0,187685,-0,1.8154e-05,0,0,0,0,0,0,0.99592,-1,-4.3361e-05,1.41133,75074,0.0938561,0.00319682,0,3.42615e-05,0.003197,293.584,0,0,0,0,0.482405
259,0.890846,0,187692,-0,1.8154e-05,0,0,0,0,0,0,0.99381,-1,-6.60757e-05,1.40984,75076.8,0.100393,0.00322813,0,3.49e-05,0.00322832,293.585,0,0,0,0,0.484753
260,0.890878,0,187698,-0,1.8154e-05,0,0,0,0,0,0,0.99165,-1,-8.95248e-05,1.40832,75079.4,0.106456,0.00326161,0,3.55803e-05,0.00326181,293.584,0,0,0,0,0.487256
261,0.890909,0,187705,-0,1.8154e-05,0,0,0,0,0,0,0.98944,-1,-0.000113743,1.40677,75082,0.112621,0.00327203,0,3.6026e-05,0.00327222,293.585,0,0,0,0,0.488029
262,0.890929,0,187710,-0,1.81541e-05,0,0,0,0,0,0,0.987178,-1,-0.000138769,1.40518,75084.2,0.117678,0.0032677,0,3.63236e-05,0.0032679,293.586,0,0,0,0,0.487702
263,0.890949,0,187716,-0,1.81542e-05,0,0,0,0,0,0,0.984861,-1,-0.000164641,1.40355,75086.4,0.122899,0.00325795,-1.97685e-25,3.65733e-05,0.00325815,293.588,0,0,0,0,0.48697
264,0.890965,0,187721,-0,1.81543e-05,0,0,0,0,0,0,0.982489,-1,-0.000191403,1.40189,75088.4,0.127568,0.00324677,-1.73161e-25,3.68193e-05,0.00324698,293.591,0,0,0,0,0.48613
265,0.890981,0,187726,-0,1.81544e-05,0,0,0,0,0,0,0.980059,-1,-0.000219098,1.40018,75090.4,0.132269,0.00323614,0,3.70843e-05,0.00323635,293.593,0,0,0,0,0.485332
266,0.890995,0,187731,-0,1.81545e-05,0,0,0,0,0,0,0.97757,-1,-0.000247775,1.39844,75092.2,0.13666,0.00322618,1.73413e-25,3.73702e-05,0.00322639,293.596,0,0,0,0,0.484585
267,0.89101,0,187735,-0,1.81547e-05,0,0,0,0,0,0,0.975019,-1,-0.000277486,1.39666,75094.1,0.141009,0.00321697,1.05312e-27,3.76791e-05,0.00321719,293.598,0,0,0,0,0.483894
268,0.891023,0,187740,-0,1.81548e-05,0,0,0,0,0,0,0.972404,-1,-0.000308284,1.39484,75095.9,0.145166,0.00320831,-1.51279e-25,3.80094e-05,0.00320854,293.601,0,0,0,0,0.483245
269,0.891035,0,187744,-0,1.81549e-05,0,0,0,0,0,0,0.969723,-1,-0.000340227,1.39297,75097.6,0.14926,0.00320018,-6.49143e-27,3.83617e-05,0.00320041,293.604,0,0,0,0,0.482636
270,0.891047,0,187748,-0,1.81551e-05,0,0,0,0,0,0,0.966973,-1,-0.000373379,1.39106,75099.3,0.15323,0.00319247,-6.02467e-27,3.87357e-05,0.00319271,293.606,0,0,0,0,0.482059
271,0.891059,0,187752,-0,1.81552e-05,0,0,0,0,0,0,0.964153,-1,-0.000407806,1.3891,75101,0.15714,0.00318519,0,3.91322e-05,0.00318543,293.609,0,0,0,0,0.481515
272,0.89107,0,187756,-0,1.81553e-05,0,0,0,0,0,0,0.961259,-1,-0.000443578,1.38709,75102.6,0.160967,0.00317827,0,3.95518e-05,0.00317851,293.612,0,0,0,0,0.480998
273,0.891082,0,187760,-0,1.81554e-05,0,0,0,0,0,0,0.95829,-1,-0.000480773,1.38503,75104.2,0.164743,0.0031717,0,3.99951e-05,0.00317195,293.614,0,0,0,0,0.48051
274,0.891094,0,187764,-0,1.81555e-05,0,0,0,0,0,0,0.955241,-1,-0.000519471,1.38293,75105.8,0.168461,0.00316546,0,4.04628e-05,0.00316571,293.616,0,0,0,0,0.480046
275,0.891105,0,187768,-0,1.81556e-05,0,0,0,0,0,0,0.95211,-1,-0.000559762,1.38077,75107.3,0.172141,0.00315951,0,4.09559e-05,0.00315978,293.619,0,0,0,0,0.479606
276,0.891117,0,187772,-0,1.81557e-05,0,0,0,0,0,0,0.948894,-1,-0.000601739,1.37855,75108.9,0.175781,0.00315385,9.65494e-27,4.14752e-05,0.00315412,293.621,0,0,0,0,0.479187
277,0.891129,0,187776,-0,1.81558e-05,0,0,0,0,0,0,0.94559,-1,-0.000645502,1.37628,75110.4,0.179394,0.00314844,-1.18526e-25,4.20215e-05,0.00314873,293.623,0,0,0,0,0.47879
278,0.891142,0,187780,-0,1.81559e-05,0,0,0,0,0,0,0.942194,-1,-0.000691162,1.37395,75112,0.18298,0.00314329,5.24108e-27,4.25963e-05,0.00314358,293.625,0,0,0,0,0.478412
279,0.891154,0,187784,-0,1.8156e-05,0,0,0,0,0,0,0.938703,-1,-0.000738836,1.37156,75113.5,0.18655,0.00313836,1.07102e-25,4.32005e-05,0.00313866,293.627,0,0,0,0,0.478052
280,0.891167,0,187787,-0,1.81561e-05,0,0,0,0,0,0,0.935112,-1,-0.000788649,1.3691,75115,0.190104,0.00313365,2.27701e-28,4.38352e-05,0.00313396,293.628,0,0,0,0,0.477709
281,0.89118,0,187791,-0,1.81562e-05,0,0,0,0,0,0,0.931418,-1,-0.000840738,1.36658,75116.5,0.193651,0.00312914,1.14159e-25,4.45019e-05,0.00312946,293.63,0,0,0,0,0.477383
282,0.891193,0,187795,-0,1.81563e-05,0,0,0,0,0,0,0.927617,-1,-0.00089525,1.36399,75118,0.197192,0.00312482,9.89923e-26,4.5202e-05,0.00312515,293.632,0,0,0,0,0.477071
283,0.891206,0,187799,-0,1.81563e-05,0,0,0,0,0,0,0.923703,-1,-0.000952344,1.36133,75119.5,0.200733,0.00312068,-1.42329e-26,4.59369e-05,0.00312102,293.633,0,0,0,0,0.476774
284,0.891219,0,187803,-0,1.81564e-05,0,0,0,0,0,0,0.919672,-1,-0.00101219,1.3586,75121,0.204278,0.00311669,3.98893e-28,4.67079e-05,0.00311704,293.635,0,0,0,0,0.47649
285,0.891233,0,187806,-0,1.81565e-05,0,0,0,0,0,0,0.91552,-1,-0.00107498,1.35579,75122.5,0.20783,0.00311286,-8.96546e-26,4.7517e-05,0.00311322,293.636,0,0,0,0,0.476219
286,0.891247,0,187810,-0,1.81565e-05,0,0,0,0,0,0,0.91124,-1,-0.00114091,1.35291,75124,0.211392,0.00310917,-9.44786e-26,4.83659e-05,0.00310954,293.637,0,0,0,0,0.475958
287,0.891261,0,187814,-0,1.81566e-05,0,0,0,0,0,0,0.906828,-1,-0.00121019,1.34994,75125.6,0.214969,0.0031056,0,4.92561e-05,0.003106,293.639,0,0,0,0,0.475709
288,0.891275,0,187818,-0,1.81567e-05,0,0,0,0,0,0,0.902276,-1,-0.00128308,1.34689,75127.1,0.218564,0.00310216,-1.11762e-26,5.01898e-05,0.00310257,293.64,0,0,0,0,0.47547
289,0.891289,0,187822,-0,1.81567e-05,0,0,0,0,0,0,0.89758,-1,-0.00135982,1.34375,75128.6,0.22218,0.00309884,-1.02795e-26,5.11694e-05,0.00309927,293.641,0,0,0,0,0.475241
290,0.891304,0,187825,-0,1.81568e-05,0,0,0,0,0,0,0.892731,-1,-0.00144069,1.34051,75130.2,0.22582,0.00309564,0,5.21969e-05,0.00309608,293.643,0,0,0,0,0.475022
291,0.891318,0,187829,-0,1.81568e-05,0,0,0,0,0,0,0.887724,-1,-0.001526,1.33718,75131.7,0.229488,0.00309255,0,5.32747e-05,0.00309301,293.644,0,0,0,0,0.474813
292,0.891333,0,187833,-0,1.81569e-05,0,0,0,0,0,0,0.88255,-1,-0.00161608,1.33375,75133.3,0.233187,0.0030896,0,5.44057e-05,0.00309008,293.645,0,0,0,0,0.474615
293,0.891348,0,187837,-0,1.8157e-05,0,0,0,0,0,0,0.877201,-1,-0.0017113,1.33022,75134.9,0.23692,0.00308679,0,5.55933e-05,0.00308729,293.646,0,0,0,0,0.474429
294,0.891363,0,187841,-0,1.8157e-05,0,0,0,0,0,0,0.871669,-1,-0.00181204,1.32658,75136.5,0.240692,0.00308415,0,5.68402e-05,0.00308468,293.648,0,0,0,0,0.474257
295,0.891379,0,187845,-0,1.81571e-05,0,0,0,0,0,0,0.865945,-1,-0.00191875,1.32282,75138.1,0.244507,0.0030817,7.2777e-26,5.81498e-05,0.00308225,293.649,0,0,0,0,0.474101
296,0.891395,0,187849,-0,1.81571e-05,0,0,0,0,0,0,0.860018,-1,-0.0020319,1.31895,75139.8,0.248368,0.00307945,-4.03068e-27,5.95256e-05,0.00308002,293.65,0,0,0,0,0.473961
297,0.891411,0,187854,-0,1.81572e-05,0,0,0,0,0,0,0.853878,-1,-0.002152,1.31496,75141.4,0.252279,0.00307739,-6.24371e-26,6.09711e-05,0.003078,293.651,0,0,0,0,0.473837
298,0.891427,0,187858,-0,1.81573e-05,0,0,0,0,0,0,0.847514,-1,-0.00227962,1.31083,75143.1,0.256245,0.00307552,0,6.24893e-05,0.00307615,293.652,0,0,0,0,0.473728
299,0.891444,0,187862,-0,1.81573e-05,0,0,0,0,0,0,0.840914,-1,-0.0024154,1.30658,75144.8,0.260269,0.00307379,0,6.40829e-05,0.00307446,293.654,0,0,0,0,0.473632
300,0.891461,0,187866,-0,1.81574e-05,0,0,0,0,0,0,0.834066,-1,-0.00256001,1.30218,75146.6,0.264356,0.00307217,0,6.57551e-05,0.00307288,293.655,0,0,0,0,0.473546
301,0.891478,0,187871,-0,1.81574e-05,0,0,0,0,0,0,0.826954,-1,-0.0027142,1.29764,75148.3,0.268509,0.00307064,0,6.75085e-05,0.00307138,293.656,0,0,0,0,0.473468
302,0.891496,0,187875,-0,1.81575e-05,0,0,0,0,0,0,0.819564,-1,-0.00287882,1.29294,75150.1,0.272732,0.00306917,0,6.93466e-05,0.00306995,293.657,0,0,0,0,0.473395
303,0.891514,0,187880,-0,1.81575e-05,0,0,0,0,0,0,0.811881,-1,-0.00305477,1.28808,75152,0.277031,0.00306776,0,7.12728e-05,0.00306858,293.659,0,0,0,0,0.473329
304,0.891532,0,187885,-0,1.81576e-05,0,0,0,0,0,0,0.803886,-1,-0.00324307,1.28306,75153.8,0.281411,0.00306644,0,7.32916e-05,0.00306732,293.66,0,0,0,0,0.473273
305,0.891551,0,187889,-0,1.81577e-05,0,0,0,0,0,0,0.795562,-1,-0.00344482,1.27786,75155.7,0.285875,0.00306531,0,7.54083e-05,0.00306623,293.661,0,0,0,0,0.473231
306,0.891571,0,187894,-0,1.81577e-05,0,0,0,0,0,0,0.786887,-1,-0.00366126,1.27248,75157.7,0.290435,0.00306443,0,7.76284e-05,0.00306542,293.662,0,0,0,0,0.473212
307,0.891591,0,187899,-0,1.81578e-05,0,0,0,0,0,0,0.77784,-1,-0.00389374,1.26691,75159.6,0.295093,0.00306391,0,7.9958e-05,0.00306496,293.663,0,0,0,0,0.473222
308,0.891611,0,187904,-0,1.81578e-05,0,0,0,0,0,0,0.768397,-1,-0.00414378,1.26113,75161.7,0.299862,0.00306376,-2.24573e-26,8.24001e-05,0.00306487,293.664,0,0,0,0,0.473262
309,0.891633,0,187909,-0,1.81579e-05,0,0,0,0,0,0,0.758533,-1,-0.00441302,1.25515,75163.8,0.304747,0.00306391,-1.58567e-26,8.4956e-05,0.00306508,293.665,0,0,0,0,0.473327
310,0.891655,0,187915,-0,1.81579e-05,0,0,0,0,0,0,0.748218,-1,-0.0047033,1.24894,75165.9,0.309758,0.00306424,0,8.76235e-05,0.00306549,293.666,0,0,0,0,0.47341
311,0.891678,0,187920,-0,1.8158e-05,0,0,0,0,0,0,0.737423,-1,-0.00501667,1.2425,75168.1,0.314906,0.00306467,0,9.04003e-05,0.003066,293.667,0,0,0,0,0.473502
312,0.891702,0,187926,-0,1.8158e-05,0,0,0,0,0,0,0.726113,-1,-0.00535535,1.23583,75170.3,0.320198,0.0030652,0,9.32847e-05,0.00306662,293.668,0,0,0,0,0.473605
313,0.891727,0,187932,-0,1.81581e-05,0,0,0,0,0,0,0.714252,-1,-0.00572183,1.2289,75172.6,0.325654,0.00306599,9.93166e-27,9.62771e-05,0.0030675,293.669,0,0,0,0,0.473731
314,0.891753,0,187938,-0,1.81581e-05,0,0,0,0,0,0,0.7018,-1,-0.00611884,1.2217,75175,0.331288,0.00306725,3.31612e-26,9.93783e-05,0.00306886,293.67,0,0,0,0,0.473896
315,0.89178,0,187944,-0,1.81581e-05,0,0,0,0,0,0,0.688711,-1,-0.00654937,1.21423,75177.5,0.337118,0.00306909,2.14961e-26,0.000102583,0.0030708,293.671,0,0,0,0,0.47411
316,0.891808,0,187950,-0,1.81582e-05,0,0,0,0,0,0,0.674937,-1,-0.00701671,1.20648,75180.1,0.343166,0.00307146,0,0.000105874,0.00307328,293.672,0,0,0,0,0.474368
317,0.891836,0,187957,-0,1.81582e-05,0,0,0,0,0,0,0.660423,-1,-0.00752444,1.19842,75182.8,0.349466,0.00307418,0,0.000109225,0.00307612,293.673,0,0,0,0,0.474657
318,0.891864,0,187964,-0,1.81583e-05,0,0,0,0,0,0,0.64511,-1,-0.00807644,1.19006,75185.6,0.35607,0.00307713,0,0.000112602,0.00307919,293.674,0,0,0,0,0.474968
319,0.891893,0,187971,-0,1.81584e-05,0,0,0,0,0,0,0.628931,-1,-0.00867685,1.18137,75188.5,0.362985,0.00308035,0,0.000115964,0.00308253,293.676,0,0,0,0,0.475303
320,0.891923,0,187979,-0,1.81585e-05,0,0,0,0,0,0,0.61181,-1,-0.00933006,1.17235,75191.6,0.370231,0.00308378,0,0.000119251,0.00308608,293.679,0,0,0,0,0.47566
321,0.891953,0,187987,-0,1.81586e-05,0,0,0,0,0,0,0.593665,-1,-0.0100406,1.16299,75194.9,0.37796,0.00308695,0,0.00012237,0.00308937,293.682,0,0,0,0,0.476004
322,0.891986,0,187996,-0,1.81588e-05,0,0,0,0,0,0,0.574403,-1,-0.0108129,1.15328,75198.4,0.386188,0.00308935,0,0.000125194,0.00309188,293.685,0,0,0,0,0.476296
323,0.89202,0,188005,-0,1.81589e-05,0,0,0,0,0,0,0.553917,-1,-0.0116514,1.14322,75202.2,0.395033,0.00309085,0,0.000127575,0.00309348,293.688,0,0,0,0,0.476529
324,0.892059,0,188016,-0,1.81591e-05,0,0,0,0,0,0,0.532089,-1,-0.0125594,1.13282,75206.3,0.40478,0.00309138,-1.09838e-25,0.000129321,0.00309409,293.691,0,0,0,0,0.476698
325,0.892102,0,188027,-0,1.81593e-05,0,0,0,0,0,0,0.508785,-1,-0.0135394,1.12207,75210.8,0.415328,0.00309086,-2.48552e-25,0.000130172,0.0030936,293.695,0,0,0,0,0.476801
326,0.892159,0,188040,-0,1.81594e-05,0,0,0,0,0,0,0.483849,-1,-0.0145911,1.111,75216.1,0.427707,0.00308861,-8.11381e-26,0.000129754,0.00309133,293.697,0,0,0,0,0.476791
327,0.892222,0,188053,-0,1.81593e-05,0,0,0,0,0,0,0.457107,-1,-0.0157104,1.09963,75221.2,0.439715,0.00308385,0,0.000127563,0.00308649,293.696,0,0,0,0,0.476612
328,0.892335,0,188075,-0,1.81592e-05,0,0,0,0,0,0,0.428355,-1,-0.0168866,1.08801,75229.9,0.460313,0.00306996,8.01085e-26,0.00012282,0.00307242,293.693,0,0,0,0,0.475765
329,0.89245,0,188100,-0,1.81592e-05,0,0,0,0,0,0,0.39736,-1,-0.0181007,1.07621,75239.9,0.483833,0.00304104,5.37277e-26,0.000123707,0.00304356,293.694,0,0,0,0,0.473679
330,0.89249,0,188120,-0,1.81602e-05,0,0,0,0,0,0,0.363858,-1,-0.0195103,1.06432,75248.2,0.503222,0.00300338,-1.22813e-25,0.000133954,0.00300637,293.713,0,0,0,0,0.470853
331,0.892455,0,188146,-0,1.81626e-05,0,0,0,0,0,0,0.327536,-1,-0.0212149,1.05249,75258.5,0.527517,0.00296335,-1.00988e-25,0.00014337,0.00296682,293.765,0,0,0,0,0.467817
332,0.892318,0,188172,-0,1.81667e-05,0,0,0,0,0,0,0.291607,-1,-0.0230058,1.0419,75268.7,0.551435,0.00292274,0,0.00014615,0.0029264,293.85,0,0,0,0,0.464452
333,0.892151,0,188197,-0,1.81712e-05,0,0,0,0,0,0,0.259488,-1,-0.0246176,1.03341,75278.7,0.574961,0.00288287,0,0.000141686,0.00288635,293.944,0,0,0,0,0.461136
334,0.89209,0,188224,-0,1.81742e-05,0,0,0,0,0,0,0.230772,-1,-0.0259957,1.02661,75289.7,0.600866,0.00284405,-2.40135e-25,0.000130511,0.00284704,294.007,0,0,0,0,0.457969
335,0.892207,0,188252,-0,1.81744e-05,0,0,0,0,0,0,0.205096,-1,-0.0271136,1.02118,75301,0.627255,0.00280657,-2.91399e-25,0.000113569,0.00280886,294.012,0,0,0,0,0.455017
336,0.892493,0,188283,-0,1.81722e-05,0,0,0,0,0,0,0.182137,-1,-0.0279638,1.01684,75313.1,0.655714,0.00276337,8.31908e-27,9.13779e-05,0.00276488,293.965,0,0,0,0,0.451688
337,0.892837,0,188314,-0,1.81691e-05,0,0,0,0,0,0,0.161606,-1,-0.0285517,1.01338,75325.7,0.685469,0.0027105,0,6.462e-05,0.00271127,293.901,0,0,0,0,0.447564
338,0.893129,0,188348,-0,1.8167e-05,0,0,0,0,0,0,0.143248,-1,-0.0288909,1.01062,75339.1,0.716817,0.00264267,-1.8605e-25,3.40564e-05,0.00264289,293.857,0,0,0,0,0.4421
339,0.89332,0,188383,-0,1.81666e-05,0,0,0,0,0,0,0.126834,-1,-0.0289998,1.00843,75353,0.749581,0.00257073,-2.40787e-25,6.90533e-07,0.00257073,293.849,0,0,0,0,0.436131
340,0.893428,0,188419,-0,1.81676e-05,0,0,0,0,0,0,0.112161,-1,-0.0288992,1.00669,75367.4,0.783497,0.00249137,-2.03298e-26,-3.48585e-05,0.00249162,293.87,0,0,0,0,0.429374
341,0.893501,0,188455,-0,1.81692e-05,0,0,0,0,0,0,0.0990464,-1,-0.028611,1.0053,75382.1,0.81797,0.00239898,-2.20182e-26,-7.17442e-05,0.00240005,293.903,0,0,0,0,0.421385
342,0.893578,0,188492,-0,1.81707e-05,0,0,0,0,0,0,0.0873283,-1,-0.0281566,1.0042,75396.8,0.852548,0.00228802,0,-0.00010873,0.0022906,293.935,0,0,0,0,0.411589
343,0.893674,0,188528,-0,1.81719e-05,0,0,0,0,0,0,0.0768618,-1,-0.0275567,1.00333,75411.2,0.886388,0.00215307,0,-0.000144083,0.00215789,293.959,0,0,0,0,0.399345
344,0.893782,0,188562,-0,1.81728e-05,0,0,0,0,0,0,0.0675179,-1,-0.0268309,1.00264,75424.9,0.918598,0.0019885,9.65125e-26,-0.000175419,0.00199622,293.977,0,0,0,0,0.38387
345,0.893887,0,188593,-0,1.81734e-05,0,0,0,0,0,0,0.059181,-1,-0.025997,1.00209,75437.4,0.947906,0.0017879,4.03326e-26,-0.000199464,0.001799,293.991,0,0,0,0,0.364094
346,0.893978,0,188620,-0,1.8174e-05,0,0,0,0,0,0,0.0517481,-1,-0.0250716,1.00165,75448,0.972806,0.00154375,-3.54992e-26,-0.000211727,0.0015582,294.003,0,0,0,0,0.338434
347,0.894044,0,188640,-0,1.81744e-05,0,0,0,0,0,0,0.0451272,-1,-0.0240695,1.00131,75455.9,0.99137,0.00124708,-9.20024e-26,-0.000206035,0.00126399,294.012,0,0,0,0,0.30431
348,0.894078,0,188650,-0,1.81747e-05,0,0,0,0,0,0,0.0392363,-1,-0.0230044,1.00103,75460.1,1.00124,0.000887508,3.17117e-25,-0.00017398,0.0009044,294.017,0,0,0,0,0.256862
349,0.894068,0,188648,-0,1.81747e-05,0,0,0,0,0,0,0.0340019,-1,-0.0218886,1.00082,75459.3,0.999524,0.000453437,2.22109e-25,-0.000104265,0.00046527,294.017,0,0,0,0,0.183742
350,0.893999,0,188631,-0,1.81744e-05,0,0,0,0,0,0,0.0293586,-1,-0.0207331,1.00065,75452.2,0.982772,-6.73791e-05,7.60675e-26,1.80134e-05,6.97454e-05,294.012,0,0,0,0,0.0709052
351,0.893853,0,188592,-0,1.81739e-05,0,0,0,0,0,0,0.025248,-1,-0.0195483,1.00051,75437,0.946902,-0.00068684,5.61236e-25,0.000212029,0.000718823,294.001,0,0,0,0,0.226721
352,0.893606,0,188529,-0,1.81731e-05,0,0,0,0,0,0,0.0216179,-1,-0.0183436,1.0004,75411.6,0.887273,-0.0014149,0,0.000501675,0.00150121,293.983,0,0,0,0,0.326083
353,0.893231,0,188435,-0,1.81719e-05,0,0,0,0,0,0,0.0184216,-1,-0.0171279,1.00032,75373.9,0.798766,-0.00225745,0,0.000915584,0.00243605,293.96,0,0,0,0,0.41306
354,0.892699,0,188304,-0,1.81706e-05,0,0,0,0,0,0,0.015617,-1,-0.0159097,1.00025,75321.8,0.676113,-0.00321353,0,0.00148623,0.00354057,293.931,0,0,0,0,0.494746
355,0.891984,0,188132,-0,1.8169e-05,0,0,0,0,0,0,0.0131663,-1,-0.0146973,1.00019,75252.9,0.514306,-0.00427196,5.17672e-25,0.00224771,0.00482719,293.898,0,0,0,0,0.573439
356,0.891062,0,187914,-0,1.81672e-05,0,0,0,0,0,0,0.0110351,-1,-0.0134989,1.00015,75165.6,0.309184,-0.0054078,7.15099e-25,0.00323143,0.00629972,293.861,0,0,0,0,0.649734
357,0.889919,0,187647,-0,1.81653e-05,0,0,0,0,0,0,0.0091919,-1,-0.0123224,1.00012,75059,0.0584642,-0.00658056,-1.28045e-24,0.00446005,0.00794958,293.821,0,0,0,0,0.723426
358,0.888553,0,187332,-0,1.81633e-05,0,0,0,0,0,0,0.00760749,-1,-0.0111758,1.00009,74932.9,-0.237811,-0.0077345,-1.67875e-24,0.00594028,0.0097524,293.778,0,0,0,0,0.793882
359,0.886978,0,186972,-0,1.81612e-05,0,0,0,0,0,0,0.00625459,-1,-0.0100665,1.00007,74789,-0.576155,-0.00880323,0,0.00765605,0.0116667,293.734,0,0,0,0,0.860318
360,0.885227,0,186575,-0,1.8159e-05,0,0,0,0,0,0,0.00510743,-1,-0.00900153,1.00005,74630,-0.949958,-0.00971776,0,0.0095647,0.0136352,293.69,0,0,0,0,0.922027
361,0.883346,0,186150,-0,1.81569e-05,0,0,0,0,0,0,0.00414169,-1,-0.0079869,1.00004,74460.1,-1.34921,-0.0104181,-4.75057e-25,0.0115981,0.0155901,293.645,0,0,0,0,0.97853
362,0.881392,0,185711,-0,1.81548e-05,0,0,0,0,0,0,0.00333432,-1,-0.00702759,1.00003,74284.4,-1.76206,-0.0108642,-5.50679e-25,0.0136717,0.0174627,293.602,0,0,0,0,1.02978
363,0.879425,0,185270,-0,1.81528e-05,0,0,0,0,0,0,0.00266381,-1,-0.00612711,1.00002,74108.1,-2.1765,-0.0110416,0,0.0156968,0.0191913,293.56,0,0,0,0,1.07599
364,0.877501,0,184840,-0,1.8151e-05,0,0,0,0,0,0,0.00211027,-1,-0.00528748,1.00002,73936.1,-2.58089,-0.0109621,0,0.0175916,0.0207275,293.521,0,0,0,0,1.11762
365,0.875665,0,184430,-0,1.81492e-05,0,0,0,0,0,0,0.00165565,-1,-0.00450923,1.00001,73772.1,-2.96621,-0.0106606,0,0.0192956,0.0220447,293.484,0,0,0,0,1.15525
366,0.87395,0,184048,-0,1.81476e-05,0,0,0,0,0,0,0.00128381,-1,-0.00379157,1.00001,73619.3,-3.32548,-0.0101864,0,0.0207759,0.0231387,293.451,0,0,0,0,1.18951
367,0.87237,0,183697,-0,1.81462e-05,0,0,0,0,0,0,0.000980662,-1,-0.00313256,1.00001,73478.7,-3.65587,-0.00959026,2.33937e-25,0.0220238,0.0240212,293.421,0,0,0,0,1.22076
368,0.870938,0,183378,-0,1.81449e-05,0,0,0,0,0,0,0.000734164,-1,-0.00252933,1,73351.4,-3.95518,-0.0089208,2.77486e-25,0.0230482,0.0247144,293.394,0,0,0,0,1.24914
369,0.869654,0,183093,-0,1.81438e-05,0,0,0,0,0,0,0.000533983,-1,-0.0019785,1,73237.3,-4.22344,-0.00822222,0,0.0238777,0.0252537,293.37,0,0,0,0,1.27498
370,0.868503,0,182838,-0,1.81428e-05,0,0,0,0,0,0,0.000371526,-1,-0.00147622,1,73135.1,-4.46352,-0.00752438,-1.08337e-25,0.024546,0.0256734,293.349,0,0,0,0,1.29825
371,0.867475,0,182610,-0,1.81419e-05,0,0,0,0,0,0,0.000239697,-1,-0.00101848,1,73044,-4.67775,-0.0068449,-1.44152e-25,0.0250802,0.0259975,293.331,0,0,0,0,1.31875
372,0.866562,0,182408,-0,1.81411e-05,0,0,0,0,0,0,0.000132712,-1,-0.000601188,1,72963,-4.86807,-0.00619847,-4.00498e-26,0.0255091,0.0262514,293.315,0,0,0,0,1.33645
373,0.865751,0,182228,-0,1.81404e-05,0,0,0,0,0,0,4.5758e-05,-1,-0.000220346,1,72891.2,-5.03692,-0.00559596,-5.03045e-26,0.0258691,0.0264674,293.3,0,0,0,0,1.3518
374,0.865016,0,182065,-0,1.81398e-05,0,0,0,0,0,0,-2.50135e-05,-1,0.000127949,1,72826.1,-5.18986,-0.00503325,3.58742e-26,0.0261759,0.0266554,293.287,0,0,0,0,1.36471
375,0.864359,0,181920,-0,1.81392e-05,0,0,0,0,0,0,-8.26488e-05,-1,0.000447444,1,72767.9,-5.32669,-0.004507,-3.19137e-26,0.026431,0.0268125,293.276,0,0,0,0,1.37505
376,0.863766,0,181788,-0,1.81387e-05,0,0,0,0,0,0,-0.000129668,-1,0.000741686,1,72715.3,-5.45025,-0.00401378,-2.48065e-25,0.0266444,0.026945,293.265,0,0,0,0,1.38309
377,0.863226,0,181669,-0,1.81383e-05,0,0,0,0,0,0,-0.000168003,-1,0.00101405,1,72667.4,-5.5628,-0.00354731,-1.30871e-26,0.026812,0.0270456,293.255,0,0,0,0,1.38879
378,0.862741,0,181561,-0,1.81378e-05,0,0,0,0,0,0,-0.000199262,-1,0.0012677,1,72624.5,-5.66385,-0.003109,2.11661e-25,0.0269427,0.0271215,293.247,0,0,0,0,1.39265
379,0.862294,0,181463,-0,1.81375e-05,0,0,0,0,0,0,-0.000224732,-1,0.00150567,1,72585,-5.75653,-0.00269532,-2.1588e-25,0.027053,0.0271869,293.239,0,0,0,0,1.39527
380,0.861875,0,181371,-0,1.81372e-05,0,0,0,0,0,0,-0.0002454,-1,0.00173079,1,72548.3,-5.84276,-0.00229828,7.6235e-26,0.0271343,0.0272314,293.234,0,0,0,0,1.39665
381,0.861488,0,181287,-0,1.8137e-05,0,0,0,0,0,0,-0.000262014,-1,0.00194583,1,72514.6,-5.92206,-0.00191749,3.41683e-25,0.0271867,0.0272543,293.229,0,0,0,0,1.39703
382,0.861133,0,181208,-0,1.81367e-05,0,0,0,0,0,0,-0.000275206,-1,0.00215339,1,72483.3,-5.99561,-0.00155233,0,0.0272306,0.0272748,293.223,0,0,0,0,1.39727
383,0.860793,0,181133,-0,1.81364e-05,0,0,0,0,0,0,-0.0002854,-1,0.00235605,1,72453.1,-6.06667,-0.00119303,-1.51327e-25,0.0272589,0.027285,293.217,0,0,0,0,1.39712
384,0.860471,0,181061,-0,1.81361e-05,0,0,0,0,0,0,-0.00029284,-1,0.0025563,1,72424.3,-6.13423,-0.000837238,-1.53799e-25,0.0272588,0.0272716,293.21,0,0,0,0,1.3963
385,0.860165,0,180992,-0,1.81358e-05,0,0,0,0,0,0,-0.000297702,-1,0.00275661,1,72397,-6.19854,-0.000485229,0,0.0272482,0.0272525,293.203,0,0,0,0,1.39528
386,0.859864,0,180925,-0,1.81355e-05,0,0,0,0,0,0,-0.000300016,-1,0.0029593,1,72370,-6.26197,-0.000131268,0,0.0272345,0.0272349,293.197,0,0,0,0,1.39411
387,0.859566,0,180858,-0,1.81351e-05,0,0,0,0,0,0,-0.000299679,-1,0.00316672,1.00001,72343.3,-6.3247,0.000229145,0,0.0272087,0.0272097,293.19,0,0,0,0,1.39248
388,0.85927,0,180792,-0,1.81348e-05,0,0,0,0,0,0,-0.000296463,-1,0.00338126,1.00001,72316.8,-6.3869,0.000598875,0,0.0271692,0.0271758,293.184,0,0,0,0,1.39028
389,0.858974,0,180726,-0,1.81345e-05,0,0,0,0,0,0,-0.00029001,-1,0.00360538,1.00001,72290.4,-6.44904,0.00098226,-2.086e-25,0.027114,0.0271318,293.178,0,0,0,0,1.3874
390,0.858675,0,180659,-0,1.81342e-05,0,0,0,0,0,0,-0.000279784,-1,0.00384165,1.00001,72263.6,-6.51197,0.00138309,3.76084e-25,0.0270317,0.0270671,293.171,0,0,0,0,1.38346
391,0.858379,0,180593,-0,1.81339e-05,0,0,0,0,0,0,-0.000265074,-1,0.00409274,1.00001,72237.2,-6.57405,0.00180169,5.61364e-25,0.0269237,0.0269839,293.165,0,0,0,0,1.37841
392,0.858081,0,180526,-0,1.81336e-05,0,0,0,0,0,0,-0.000244996,-1,0.0043615,1.00001,72210.6,-6.63671,0.002241,0,0.0267955,0.026889,293.159,0,0,0,0,1.37234
393,0.857785,0,180460,-0,1.81333e-05,0,0,0,0,0,0,-0.000218391,-1,0.00465093,1.00001,72184.1,-6.69879,0.00270441,3.40615e-25,0.0266468,0.0267837,293.152,0,0,0,0,1.36521
394,0.857483,0,180393,-0,1.8133e-05,0,0,0,0,0,0,-0.000183828,-1,0.0049642,1.00001,72157.2,-6.76223,0.00319633,3.15313e-25,0.0264594,0.0266517,293.146,0,0,0,0,1.35662
395,0.857193,0,180328,-0,1.81327e-05,0,0,0,0,0,0,-0.000139413,-1,0.00530471,1.00001,72131.2,-6.82314,0.0037137,-1.70423e-24,0.0262236,0.0264853,293.14,0,0,0,0,1.34624
396,0.856913,0,180266,-0,1.81325e-05,0,0,0,0,0,0,-8.30134e-05,-1,0.00567608,1.00002,72106.2,-6.88196,0.004258,-1.57482e-24,0.0259439,0.026291,293.134,0,0,0,0,1.3344
397,0.856647,0,180206,-0,1.81322e-05,0,0,0,0,0,0,-1.18173e-05,-1,0.00608215,1.00002,72082.5,-6.93783,0.00482838,0,0.0256094,0.0260606,293.129,0,0,0,0,1.32085
398,0.856409,0,180153,-0,1.81319e-05,0,0,0,0,0,0,7.74178e-05,-1,0.006527,1.00002,72061.1,-6.98796,0.0054215,2.57901e-24,0.0252146,0.0257908,293.123,0,0,0,0,1.30573
399,0.856203,0,180106,-0,1.81317e-05,0,0,0,0,0,0,0.000188744,-1,0.00701493,1.00002,72042.5,-7.03178,0.0060339,5.16559e-24,0.0247515,0.0254764,293.118,0,0,0,0,1.28902
400,0.856046,0,180070,-0,1.81314e-05,0,0,0,0,0,0,0.00032692,-1,0.00755048,1.00003,72028,-7.06577,0.00665839,2.55702e-24,0.0242109,0.0251098,293.113,0,0,0,0,1.27082
401,0.855945,0,180046,-0,1.81312e-05,0,0,0,0,0,0,0.000497699,-1,0.00813834,1.00003,72018.4,-7.08843,0.0072864,0,0.0235832,0.0246832,293.108,0,0,0,0,1.25114
402,0.855923,0,180038,-0,1.8131e-05,0,0,0,0,0,0,0.000707842,-1,0.00878337,1.00004,72015.4,-7.09549,0.00790512,0,0.0228647,0.0241927,293.103,0,0,0,0,1.23013
403,0.855993,0,180050,-0,1.81308e-05,0,0,0,0,0,0,0.000965214,-1,0.00949058,1.00005,72020.1,-7.0845,0.00850355,0,0.0220601,0.0236423,293.098,0,0,0,0,1.20811
404,0.856164,0,180083,-0,1.81305e-05,0,0,0,0,0,0,0.00127896,-1,0.010265,1.00005,72033.1,-7.05385,0.0090681,0,0.0211669,0.0230276,293.093,0,0,0,0,1.18524
405,0.856453,0,180140,-0,1.81302e-05,0,0,0,0,0,0,0.00165969,-1,0.0111116,1.00006,72055.9,-7.00022,0.00958209,0,0.0201873,0.022346,293.087,0,0,0,0,1.16149
406,0.856875,0,180223,-0,1.81298e-05,0,0,0,0,0,0,0.00211935,-1,0.0120355,1.00007,72089.4,-6.92154,0.0100318,0,0.0191338,0.0216042,293.079,0,0,0,0,1.13714
407,0.857428,0,180333,-0,1.81293e-05,0,0,0,0,0,0,0.00267153,-1,0.0130415,1.00009,72133.3,-6.81822,0.0104049,0,0.0180175,0.0208061,293.068,0,0,0,0,1.11228
408,0.858122,0,180471,-0,1.81286e-05,0,0,0,0,0,0,0.00333146,-1,0.0141344,1.00011,72188.2,-6.68922,0.0106895,-3.14725e-24,0.0168533,0.0199574,293.054,0,0,0,0,1.08691
409,0.858952,0,180633,-0,1.81277e-05,0,0,0,0,0,0,0.004116,-1,0.0153189,1.00013,72253.4,-6.53603,0.0108795,-8.25542e-24,0.0156606,0.0190687,293.035,0,0,0,0,1.06119
410,0.859908,0,180819,-0,1.81265e-05,0,0,0,0,0,0,0.00504392,-1,0.0165994,1.00015,72327.7,-6.36129,0.0109711,3.64162e-25,0.0144567,0.0181483,293.011,0,0,0,0,1.03509
411,0.860982,0,181026,-0,1.8125e-05,0,0,0,0,0,0,0.00613584,-1,0.0179805,1.00018,72410.3,-6.16719,0.010964,4.11288e-24,0.0132599,0.0172057,292.979,0,0,0,0,1.00864
412,0.862156,0,181248,-0,1.81232e-05,0,0,0,0,0,0,0.00741445,-1,0.0194664,1.00022,72499.3,-5.95801,0.0108619,0,0.0120865,0.0162501,292.94,0,0,0,0,0.981851
413,0.863412,0,181483,-0,1.81209e-05,0,0,0,0,0,0,0.00890472,-1,0.0210615,1.00026,72593.2,-5.73729,0.0106697,1.36621e-23,0.0109498,0.0152886,292.893,0,0,0,0,0.954642
414,0.864727,0,181726,-0,1.81183e-05,0,0,0,0,0,0,0.010634,-1,0.0227704,1.00032,72690.3,-5.50918,0.0103948,1.10677e-23,0.0098601,0.0143273,292.838,0,0,0,0,0.926974
415,0.866078,0,181972,-0,1.81154e-05,0,0,0,0,0,0,0.0126325,-1,0.0245976,1.00038,72788.7,-5.27773,0.0100446,0,0.00882448,0.0133703,292.777,0,0,0,0,0.898704
416,0.867442,0,182218,-0,1.81123e-05,0,0,0,0,0,0,0.0149335,-1,0.0265477,1.00046,72887.2,-5.04619,0.00962795,-1.0936e-23,0.00784834,0.0124215,292.713,0,0,0,0,0.86974
417,0.868795,0,182461,-0,1.81091e-05,0,0,0,0,0,0,0.0175738,-1,0.0286255,1.00056,72984.4,-4.81781,0.00915559,-8.74126e-24,0.00693612,0.0114863,292.646,0,0,0,0,0.84004
418,0.870117,0,182698,-0,1.8106e-05,0,0,0,0,0,0,0.0205941,-1,0.030836,1.00069,73079.1,-4.59511,0.00864009,0,0.00609139,0.0105715,292.581,0,0,0,0,0.80967
419,0.87139,0,182927,-0,1.8103e-05,0,0,0,0,0,0,0.0240396,-1,0.033184,1.00084,73170.7,-4.37997,0.00809681,0,0.00531791,0.00968703,292.52,0,0,0,0,0.778846
420,0.8726,0,183146,-0,1.81004e-05,0,0,0,0,0,0,0.0279606,-1,0.0356743,1.00103,73258.5,-4.17361,0.00754357,0,0.0046192,0.00884548,292.464,0,0,0,0,0.747985
421,0.873738,0,183355,-0,1.80981e-05,0,0,0,0,0,0,0.032413,-1,0.0383114,1.00126,73342.1,-3.97691,0.00699885,0,0.00399722,0.00805988,292.417,0,0,0,0,0.717652
422,0.874799,0,183554,-0,1.80963e-05,0,0,0,0,0,0,0.0374593,-1,0.0410992,1.00154,73421.6,-3.79013,0.0064796,1.79364e-23,0.00345166,0.0073416,292.379,0,0,0,0,0.688468
423,0.875784,0,183742,-0,1.80949e-05,0,0,0,0,0,0,0.0431689,-1,0.044041,1.0019,73496.9,-3.61314,0.00599951,1.97924e-23,0.00297965,0.00669869,292.35,0,0,0,0,0.661044
424,0.876694,0,183921,-0,1.80939e-05,0,0,0,0,0,0,0.0496196,-1,0.0471386,1.00234,73568.2,-3.44557,0.0055677,4.42002e-24,0.00257572,0.00613463,292.329,0,0,0,0,0.635878
425,0.877534,0,184089,-0,1.80934e-05,0,0,0,0,0,0,0.0568979,-1,0.0503923,1.00288,73635.7,-3.28689,0.00518822,8.70234e-24,0.0022324,0.00564812,292.318,0,0,0,0,0.613286
426,0.878309,0,184249,-0,1.80932e-05,0,0,0,0,0,0,0.0651006,-1,0.0537998,1.00356,73699.7,-3.13643,0.00486062,7.05421e-24,0.00194104,0.00523386,292.313,0,0,0,0,0.593379
427,0.879026,0,184401,-0,1.80933e-05,0,0,0,0,0,0,0.0743357,-1,0.0573559,1.0044,73760.5,-2.99348,0.00458093,0,0.00169278,0.00488369,292.316,0,0,0,0,0.576068
428,0.879691,0,184546,-0,1.80937e-05,0,0,0,0,0,0,0.0847237,-1,0.0610511,1.00544,73818.5,-2.85723,0.00434293,0,0.00147917,0.00458791,292.325,0,0,0,0,0.561109
429,0.880309,0,184685,-0,1.80944e-05,0,0,0,0,0,0,0.0963989,-1,0.0648705,1.00673,73874,-2.72691,0.00413925,0,0.00129272,0.00433641,292.339,0,0,0,0,0.548142
430,0.880888,0,184818,-0,1.80953e-05,0,0,0,0,0,0,0.109511,-1,0.0687924,1.00833,73927.3,-2.60155,0.00396226,-1.47039e-23,0.00112709,0.00411945,292.358,0,0,0,0,0.536752
431,0.881431,0,184947,-0,1.80964e-05,0,0,0,0,0,0,0.124228,-1,0.0727865,1.01031,73978.9,-2.48028,0.00380458,-1.21733e-23,0.000977148,0.00392806,292.381,0,0,0,0,0.526492
432,0.881947,0,185073,-0,1.80978e-05,0,0,0,0,0,0,0.140733,-1,0.0768113,1.01277,74029.2,-2.36194,0.0036595,0,0.000838945,0.00375444,292.409,0,0,0,0,0.516925
433,0.88244,0,185197,-0,1.80993e-05,0,0,0,0,0,0,0.159234,-1,0.0808118,1.01582,74078.7,-2.24557,0.00352104,0,0.000709552,0.00359182,292.441,0,0,0,0,0.507631
434,0.882917,0,185320,-0,1.8101e-05,0,0,0,0,0,0,0.179959,-1,0.084716,1.01959,74128.1,-2.12964,0.00338416,-5.82766e-24,0.000587001,0.0034347,292.478,0,0,0,0,0.498226
435,0.883382,0,185444,-0,1.8103e-05,0,0,0,0,0,0,0.20316,-1,0.0884309,1.02425,74177.6,-2.0131,0.0032443,-4.77893e-24,0.00047005,0.00327818,292.52,0,0,0,0,0.488332
436,0.883844,0,185571,-0,1.81053e-05,0,0,0,0,0,0,0.229116,-1,0.0918381,1.03001,74228.5,-1.89361,0.00309725,0,0.000358139,0.00311788,292.567,0,0,0,0,0.477565
437,0.884301,0,185702,-0,1.81079e-05,0,0,0,0,0,0,0.258134,-1,0.0947877,1.03712,74280.8,-1.77066,0.00293849,0,0.000251292,0.00294922,292.622,0,0,0,0,0.465479
438,0.884778,0,185842,-0,1.81109e-05,0,0,0,0,0,0,0.290549,-1,0.0970917,1.04587,74336.7,-1.63919,0.0027654,-9.61254e-25,0.000150327,0.00276948,292.684,0,0,0,0,0.451732
439,0.885261,0,185988,-0,1.81143e-05,0,0,0,0,0,0,0.326728,-1,0.0985164,1.05663,74395.1,-1.5019,0.00257786,-7.94848e-25,5.66281e-05,0.00257848,292.754,0,0,0,0,0.436137
440,0.885751,0,186139,-0,1.81179e-05,0,0,0,0,0,0,0.367067,-1,0.0987726,1.06981,74455.5,-1.35993,0.00238181,5.04e-25,-2.38795e-05,0.00238193,292.83,0,0,0,0,0.419218
441,0.886267,0,186296,-0,1.81216e-05,0,0,0,0,0,0,0.40745,-1,0.0977071,1.08423,74518.3,-1.21233,0.00220596,5.05869e-25,-8.30062e-05,0.00220752,292.906,0,0,0,0,0.402727
442,0.886732,0,186440,-0,1.8125e-05,0,0,0,0,0,0,0.443916,-1,0.0958809,1.0983,74575.9,-1.0771,0.00208556,0,-0.000121064,0.00208907,292.979,0,0,0,0,0.390825
443,0.887058,0,186549,-0,1.81281e-05,0,0,0,0,0,0,0.477004,-1,0.0936696,1.11189,74619.7,-0.973944,0.00202863,0,-0.000149545,0.00203414,293.043,0,0,0,0,0.384757
444,0.887323,0,186640,-0,1.81308e-05,0,0,0,0,0,0,0.507161,-1,0.0912187,1.12496,74656.1,-0.888481,0.00201231,0,-0.000175702,0.00201996,293.099,0,0,0,0,0.382557
445,0.887562,0,186720,-0,1.8133e-05,0,0,0,0,0,0,0.534756,-1,0.0886271,1.13746,74688,-0.813402,0.00201127,0,-0.000199663,0.00202116,293.145,0,0,0,0,0.381866
446,0.887774,0,186790,-0,1.81349e-05,0,0,0,0,0,0,0.560104,-1,0.0859629,1.14939,74716.2,-0.747339,0.0020136,-3.2e-24,-0.000221316,0.00202573,293.185,0,0,0,0,0.381547
447,0.887964,0,186853,-0,1.81366e-05,0,0,0,0,0,0,0.583467,-1,0.0832733,1.16076,74741.1,-0.688662,0.00201588,-3.28001e-24,-0.000240826,0.00203021,293.221,0,0,0,0,0.381272
448,0.888135,0,186909,-0,1.81381e-05,0,0,0,0,0,0,0.60507,-1,0.080591,1.17158,74763.5,-0.63594,0.00201758,2.89582e-24,-0.000258483,0.00203408,293.252,0,0,0,0,0.38099
449,0.888288,0,186959,-0,1.81395e-05,0,0,0,0,0,0,0.625106,-1,0.0779387,1.18188,74783.8,-0.588395,0.00201895,2.96603e-24,-0.000274586,0.00203754,293.281,0,0,0,0,0.380717
450,0.888427,0,187005,-0,1.81407e-05,0,0,0,0,0,0,0.643739,-1,0.0753319,1.19167,74802.1,-0.54522,0.00202024,0,-0.000289385,0.00204086,293.307,0,0,0,0,0.380477
451,0.888554,0,187047,-0,1.81419e-05,0,0,0,0,0,0,0.661112,-1,0.0727811,1.20099,74818.9,-0.505919,0.00202161,0,-0.000303082,0.00204421,293.331,0,0,0,0,0.380281
452,0.888669,0,187085,-0,1.81429e-05,0,0,0,0,0,0,0.67735,-1,0.0702929,1.20985,74834.1,-0.469999,0.00202313,0,-0.000315833,0.00204763,293.353,0,0,0,0,0.380132
453,0.888774,0,187120,-0,1.81439e-05,0,0,0,0,0,0,0.692561,-1,0.0678715,1.2183,74848.1,-0.437116,0.0020248,0,-0.000327763,0.00205116,293.373,0,0,0,0,0.380029
454,0.888871,0,187152,-0,1.81448e-05,0,0,0,0,0,0,0.70684,-1,0.0655192,1.22634,74861,-0.406937,0.00202663,2.15871e-24,-0.000338971,0.00205478,293.391,0,0,0,0,0.37997
455,0.888959,0,187182,-0,1.81456e-05,0,0,0,0,0,0,0.720271,-1,0.0632367,1.23401,74872.8,-0.379212,0.00202861,5.00787e-24,-0.000349546,0.0020585,293.408,0,0,0,0,0.379952
456,0.889041,0,187209,-0,1.81463e-05,0,0,0,0,0,0,0.732928,-1,0.061024,1.24133,74883.6,-0.353703,0.00203078,1.87655e-24,-0.000359563,0.00206236,293.424,0,0,0,0,0.379977
457,0.889116,0,187234,-0,1.8147e-05,0,0,0,0,0,0,0.744877,-1,0.0588801,1.24832,74893.6,-0.330212,0.00203312,-5.13645e-26,-0.000369083,0.00206635,293.438,0,0,0,0,0.380042
458,0.889186,0,187257,-0,1.81476e-05,0,0,0,0,0,0,0.756176,-1,0.0568038,1.255,74902.8,-0.308556,0.00203559,8.76854e-25,-0.00037815,0.00207042,293.451,0,0,0,0,0.38014
459,0.889249,0,187278,-0,1.81482e-05,0,0,0,0,0,0,0.766877,-1,0.0547932,1.26139,74911.3,-0.288577,0.00203813,-7.67981e-25,-0.0003868,0.0020745,293.464,0,0,0,0,0.380265
460,0.889307,0,187298,-0,1.81488e-05,0,0,0,0,0,0,0.777027,-1,0.0528466,1.2675,74919.2,-0.270123,0.00204071,-7.44291e-25,-0.000395065,0.0020786,293.475,0,0,0,0,0.380413
461,0.88936,0,187316,-0,1.81493e-05,0,0,0,0,0,0,0.786668,-1,0.0509618,1.27336,74926.4,-0.253065,0.00204334,2.06077e-24,-0.000402983,0.0020827,293.486,0,0,0,0,0.380584
462,0.889408,0,187333,-0,1.81498e-05,0,0,0,0,0,0,0.795839,-1,0.0491366,1.27897,74933.2,-0.237279,0.00204602,1.96874e-24,-0.00041058,0.00208681,293.497,0,0,0,0,0.380776
463,0.889451,0,187348,-0,1.81503e-05,0,0,0,0,0,0,0.804572,-1,0.0473689,1.28436,74939.4,-0.222658,0.00204873,5.32342e-25,-0.000417882,0.00209091,293.507,0,0,0,0,0.380987
464,0.88949,0,187363,-0,1.81508e-05,0,0,0,0,0,0,0.8129,-1,0.0456565,1.28953,74945.1,-0.209098,0.00205145,2.09716e-24,-0.000424907,0.00209499,293.517,0,0,0,0,0.381215
465,0.889526,0,187376,-0,1.81512e-05,0,0,0,0,0,0,0.820851,-1,0.0439973,1.2945,74950.5,-0.196513,0.00205416,1.06085e-24,-0.000431673,0.00209903,293.526,0,0,0,0,0.381457
466,0.889558,0,187389,-0,1.81516e-05,0,0,0,0,0,0,0.828449,-1,0.0423891,1.29928,74955.5,-0.184818,0.00205685,-3.92549e-25,-0.000438193,0.00210301,293.535,0,0,0,0,0.381711
467,0.889588,0,187400,-0,1.8152e-05,0,0,0,0,0,0,0.835718,-1,0.0408298,1.30388,74960.1,-0.173936,0.0020595,0,-0.00044448,0.00210691,293.543,0,0,0,0,0.381974
468,0.889615,0,187411,-0,1.81524e-05,0,0,0,0,0,0,0.842681,-1,0.0393176,1.3083,74964.4,-0.163803,0.00206208,0,-0.000450544,0.00211072,293.551,0,0,0,0,0.382246
469,0.88964,0,187421,-0,1.81527e-05,0,0,0,0,0,0,0.849355,-1,0.0378504,1.31257,74968.4,-0.154346,0.00206459,-2.37618e-25,-0.000456397,0.00211443,293.558,0,0,0,0,0.382524
470,0.889664,0,187430,-0,1.81531e-05,0,0,0,0,0,0,0.855759,-1,0.0364264,1.31668,74972.2,-0.145514,0.00206702,-2.04108e-25,-0.000462051,0.00211803,293.565,0,0,0,0,0.382808
471,0.889686,0,187439,-0,1.81534e-05,0,0,0,0,0,0,0.86191,-1,0.0350438,1.32065,74975.7,-0.137257,0.00206937,5.7082e-25,-0.000467514,0.00212153,293.572,0,0,0,0,0.383097
472,0.889706,0,187447,-0,1.81537e-05,0,0,0,0,0,0,0.867823,-1,0.033701,1.32448,74979,-0.129536,0.00207164,1.32419e-25,-0.000472793,0.0021249,293.578,0,0,0,0,0.383391
473,0.889724,0,187455,-0,1.8154e-05,0,0,0,0,0,0,0.873511,-1,0.0323962,1.32818,74982.1,-0.122305,0.00207381,-2.33803e-25,-0.000477899,0.00212816,293.584,0,0,0,0,0.383688
474,0.889741,0,187462,-0,1.81543e-05,0,0,0,0,0,0,0.878988,-1,0.031128,1.33176,74985,-0.115523,0.00207588,0,-0.000482836,0.0021313,293.59,0,0,0,0,0.383987
475,0.889757,0,187469,-0,1.81545e-05,0,0,0,0,0,0,0.884265,-1,0.0298949,1.33522,74987.7,-0.109151,0.00207785,-6.9037e-26,-0.000487611,0.0021343,293.595,0,0,0,0,0.384289
476,0.889771,0,187476,-0,1.81548e-05,0,0,0,0,0,0,0.889354,-1,0.0286954,1.33857,74990.2,-0.10316,0.0020797,1.00646e-25,-0.000492227,0.00213716,293.6,0,0,0,0,0.384591
477,0.889785,0,187482,-0,1.8155e-05,0,0,0,0,0,0,0.894265,-1,0.0275282,1.34181,74992.6,-0.0975083,0.00208142,1.75755e-25,-0.000496689,0.00213986,293.605,0,0,0,0,0.384893
478,0.889798,0,187487,-0,1.81552e-05,0,0,0,0,0,0,0.899007,-1,0.026392,1.34496,74994.9,-0.0921753,0.00208301,0,-0.000501004,0.00214242,293.61,0,0,0,0,0.385195
479,0.889811,0,187493,-0,1.81554e-05,0,0,0,0,0,0,0.903589,-1,0.0252856,1.348,74997,-0.0871212,0.00208453,0,-0.000505185,0.00214487,293.614,0,0,0,0,0.385502
480,0.889825,0,187498,-0,1.81556e-05,0,0,0,0,0,0,0.908019,-1,0.0242078,1.35096,74999.1,-0.0823445,0.00208602,0,-0.000509255,0.00214728,293.617,0,0,0,0,0.385819
481,0.889839,0,187503,-0,1.81557e-05,0,0,0,0,0,0,0.912306,-1,0.0231575,1.35382,75001,-0.0778,0.00208757,-5.28493e-25,-0.000513238,0.00214974,293.62,0,0,0,0,0.386154
482,0.889853,0,187507,-0,1.81558e-05,0,0,0,0,0,0,0.916456,-1,0.0221336,1.35661,75002.8,-0.073508,0.00208914,-6.05817e-25,-0.000517128,0.00215219,293.623,0,0,0,0,0.386503
483,0.889868,0,187511,-0,1.81559e-05,0,0,0,0,0,0,0.920476,-1,0.0211352,1.35931,75004.5,-0.0695142,0.00209045,-6.72462e-25,-0.000520859,0.00215436,293.624,0,0,0,0,0.38684
484,0.889884,0,187515,-0,1.8156e-05,0,0,0,0,0,0,0.924372,-1,0.0201612,1.36194,75006.1,-0.0657176,0.00209136,-8.05386e-25,-0.000524405,0.00215611,293.626,0,0,0,0,0.387154
485,0.8899,0,187519,-0,1.8156e-05,0,0,0,0,0,0,0.928151,-1,0.0192108,1.36449,75007.7,-0.0619985,0.0020924,0,-0.000527896,0.00215797,293.626,0,0,0,0,0.387492
486,0.889918,0,187523,-0,1.8156e-05,0,0,0,0,0,0,0.931817,-1,0.018283,1.36697,75009.2,-0.0585158,0.00209378,1.16415e-25,-0.000531391,0.00216016,293.626,0,0,0,0,0.387874
487,0.889935,0,187527,-0,1.8156e-05,0,0,0,0,0,0,0.935376,-1,0.017377,1.36939,75010.6,-0.0551731,0.00209528,1.22331e-25,-0.000534838,0.00216246,293.626,0,0,0,0,0.38828
488,0.889952,0,187530,-0,1.8156e-05,0,0,0,0,0,0,0.938833,-1,0.0164921,1.37174,75012,-0.0520345,0.00209674,0,-0.000538203,0.00216471,293.626,0,0,0,0,0.388696
489,0.889967,0,187533,-0,1.8156e-05,0,0,0,0,0,0,0.942192,-1,0.0156274,1.37403,75013.2,-0.0490174,0.00209805,6.56606e-26,-0.000541458,0.00216679,293.626,0,0,0,0,0.389111
490,0.889982,0,187536,-0,1.8156e-05,0,0,0,0,0,0,0.945458,-1,0.0147823,1.37627,75014.5,-0.0461368,0.00209917,7.0312e-26,-0.000544598,0.00216867,293.626,0,0,0,0,0.389522
491,0.889995,0,187539,-0,1.8156e-05,0,0,0,0,0,0,0.948634,-1,0.0139561,1.37844,75015.7,-0.043365,0.00210011,0,-0.000547622,0.00217034,293.626,0,0,0,0,0.389928
492,0.890006,0,187542,-0,1.8156e-05,0,0,0,0,0,0,0.951725,-1,0.013148,1.38056,75016.8,-0.0407178,0.00210092,0,-0.00055055,0.00217186,293.627,0,0,0,0,0.390337
493,0.890013,0,187545,-0,1.81561e-05,0,0,0,0,0,0,0.954735,-1,0.0123575,1.38263,75017.8,-0.0382167,0.00210175,-1.20191e-24,-0.000553423,0.00217339,293.629,0,0,0,0,0.39076
494,0.890015,0,187547,-0,1.81563e-05,0,0,0,0,0,0,0.957666,-1,0.0115839,1.38465,75018.9,-0.0357615,0.00210322,-1.19179e-24,-0.000556404,0.00217557,293.632,0,0,0,0,0.391255
495,0.890008,0,187550,-0,1.81566e-05,0,0,0,0,0,0,0.960521,-1,0.0108266,1.38662,75019.9,-0.0334395,0.0021062,0,-0.000559732,0.00217931,293.638,0,0,0,0,0.391902
496,0.889996,0,187552,-0,1.8157e-05,0,0,0,0,0,0,0.963305,-1,0.0100852,1.38855,75020.8,-0.0311666,0.0021117,0,-0.000563684,0.00218564,293.646,0,0,0,0,0.392797
497,0.889979,0,187554,-0,1.81574e-05,0,0,0,0,0,0,0.966019,-1,0.00935908,1.39042,75021.8,-0.0290045,0.00212055,9.90671e-25,-0.000568493,0.00219544,293.655,0,0,0,0,0.39402
498,0.889965,0,187557,-0,1.81578e-05,0,0,0,0,0,0,0.968667,-1,0.00864771,1.39226,75022.7,-0.0267673,0.00213268,6.84522e-27,-0.000574148,0.00220861,293.664,0,0,0,0,0.395564
499,0.889951,0,187559,-0,1.81582e-05,0,0,0,0,0,0,0.971251,-1,0.00795062,1.39406,75023.6,-0.0248007,0.0021408,3.58103e-24,-0.000578699,0.00221764,293.671,0,0,0,0,0.396757
500,0.889945,0,187561,-0,1.81584e-05,0,0,0,0,0,0,0.973773,-1,0.00726735,1.39581,75024.4,-0.0227588,0.00214087,-2.10603e-24,-0.000581035,0.00221832,293.677,0,0,0,0,0.397229
501,0.889952,0,187563,-0,1.81585e-05,0,0,0,0,0,0,0.976237,-1,0.00659746,1.39753,75025.4,-0.0204909,0.00213213,1.67965e-24,-0.00058092,0.00220985,293.678,0,0,0,0,0.396908
502,0.889972,0,187566,-0,1.81583e-05,0,0,0,0,0,0,0.978643,-1,0.0059405,1.39921,75026.3,-0.018359,0.00211823,-1.17235e-26,-0.000579329,0.00219602,293.675,0,0,0,0,0.396131
503,0.890003,0,187568,-0,1.8158e-05,0,0,0,0,0,0,0.980995,-1,0.00529608,1.40085,75027.1,-0.0164993,0.00210304,-2.93668e-26,-0.000577312,0.00218084,293.668,0,0,0,0,0.395254
504,0.890042,0,187570,-0,1.81576e-05,0,0,0,0,0,0,0.983294,-1,0.00466379,1.40246,75028.1,-0.0141592,0.0020876,8.1558e-25,-0.000575154,0.00216538,293.659,0,0,0,0,0.394372
505,0.890075,0,187572,-0,1.81572e-05,0,0,0,0,0,0,0.985542,-1,0.00404327,1.40403,75028.8,-0.0124587,0.0020671,1.83463e-24,-0.000571526,0.00214465,293.651,0,0,0,0,0.393023
506,0.890106,0,187576,-0,1.8157e-05,0,0,0,0,0,0,0.987741,-1,0.00343413,1.40558,75030.2,-0.00909066,0.00203314,-9.96795e-25,-0.000564085,0.00210994,293.647,0,0,0,0,0.390391
507,0.890112,0,187577,-0,1.8157e-05,0,0,0,0,0,0,0.989893,-1,0.00283605,1.40709,75030.7,-0.00809909,0.00196604,1.4401e-25,-0.000547316,0.0020408,293.646,0,0,0,0,0.384513
508,0.890147,0,187585,-0,1.8157e-05,0,0,0,0,0,0,0.992,-1,0.00224867,1.40857,75033.9,-0.000489526,0.00185371,8.86381e-24,-0.000517755,0.00192466,293.647,0,0,0,0,0.374
509,0.890134,0,187580,-0,1.81569e-05,0,0,0,0,0,0,0.994062,-1,0.00167168,1.41002,75032.1,-0.00474651,0.00167276,-2.22397e-25,-0.00046873,0.00173719,293.645,0,0,0,0,0.355902
510,0.890421,0,187632,-0,1.81562e-05,0,0,0,0,0,0,0.996082,-1,0.00110477,1.41145,75052.9,0.044072,0.00154676,4.03191e-25,-0.000434797,0.00160671,293.631,0,0,0,0,0.342932
511,0.890108,0,187549,-0,1.81549e-05,0,0,0,0,0,0,0.998061,-1,0.000547642,1.41284,75019.6,-0.0340627,0.00146015,-1.96647e-23,-0.000411731,0.00151709,293.604,0,0,0,0,0.333801
