Point ID,Density,Eddy_Viscosity,Energy,Heat_Flux,Laminar_Viscosity,Mach,Momentum_0,Momentum_1,Momentum_2,Momentum_Magnitude,Nu_Tilde,Points_0,Points_1,Points_2,Points_Magnitude,Pressure,Pressure_Coefficient,Skin_Friction_Coefficient_0,Skin_Friction_Coefficient_1,Skin_Friction_Coefficient_2,Skin_Friction_Coefficient_Magnitude,Temperature,Velocity_0,Velocity_1,Velocity_2,Velocity_Magnitude,Y_Plus
0,0.990567,0,2.84278,-0,6.06342e-08,0,0,0,0,0,0,0.986674,0.65,-0.000366313,1.18154,1.13711,0.247195,0.00113613,0.000212056,0.000140803,0.00116429,1.13263,0,0,0,0,0.950572
1,0.982549,0,2.81856,-0,6.06146e-08,0,0,0,0,0,0,0.983554,0.65,-0.000774544,1.17893,1.12742,0.227815,0.00105259,0.000289071,0.000127076,0.00109894,1.13215,0,0,0,0,0.919989
2,0.99116,0,2.84457,-0,6.06355e-08,0,0,0,0,0,0,0.9869,0.65,-0.000336749,1.18172,1.13783,0.248623,0.00114249,0.00020657,0.000141835,0.00116964,1.13267,0,0,0,0,0.952945
3,0.840004,0,2.4041,-0,6.05093e-08,0,0,0,0,0,0,0.457652,0.65,-0.024281,0.795321,0.961639,-0.103754,0.00347414,-6.34317e-05,-0.000293568,0.0034871,1.12954,0,0,0,0,1.51791
4,0.847544,0,2.42632,-0,6.05213e-08,0,0,0,0,0,0,0.447947,0.65,-0.0233504,0.789748,0.970527,-0.0859784,0.00349536,-4.67232e-05,-0.000332398,0.00351144,1.12983,0,0,0,0,1.52978
5,0.858048,0,2.45728,-0,6.05378e-08,0,0,0,0,0,0,0.434215,0.65,-0.0219937,0.782002,0.98291,-0.0612115,0.00352551,-2.33805e-05,-0.000387486,0.00354681,1.13024,0,0,0,0,1.54648
6,0.823296,0,2.35424,-0,6.04699e-08,0,0,0,0,0,0,0.48821,0.65,-0.0264954,0.813358,0.941696,-0.14364,0.00341567,-9.58231e-05,-0.000208399,0.00342336,1.12856,0,0,0,0,1.48991
7,0.833122,0,2.38354,-0,6.04927e-08,0,0,0,0,0,0,0.470419,0.65,-0.0252269,0.802764,0.953416,-0.120201,0.00345024,-7.68871e-05,-0.000257893,0.00346072,1.12913,0,0,0,0,1.50641
8,0.882527,0,2.51698,-0,6.03498e-08,0,0,0,0,0,0,0.89291,0.65,-0.0118698,1.1045,1.00679,-0.0134488,0.00206724,0.000123064,0.000213821,0.00208191,1.12559,0,0,0,0,1.20516
9,0.874489,0,2.49311,-0,6.03328e-08,0,0,0,0,0,0,0.879626,0.65,-0.0132736,1.09381,0.997245,-0.0325426,0.00213449,0.000109889,0.000212614,0.00214787,1.12517,0,0,0,0,1.21906
10,0.891099,0,2.54246,-0,6.03685e-08,0,0,0,0,0,0,0.907009,0.65,-0.0103698,1.11592,1.01698,0.00693616,0.00199412,0.00013768,0.000214828,0.00201038,1.12605,0,0,0,0,1.18983
11,0.90921,0,2.58916,-0,6.02813e-08,0,0,0,0,0,0,0.907009,0.65,0.0103698,1.11592,1.03567,0.0442994,0.00128812,0.000186366,-0.000135804,0.00130859,1.12389,0,0,0,0,0.971051
12,0.920106,0,2.62309,-0,6.03312e-08,0,0,0,0,0,0,0.919929,0.65,0.00889132,1.12643,1.04924,0.0714414,0.00118574,0.00020262,-0.000130642,0.00121,1.12513,0,0,0,0,0.938205
13,0.92687,0,2.64426,-0,6.0364e-08,0,0,0,0,0,0,0.928051,0.65,0.0079553,1.13307,1.0577,0.0883753,0.00112302,0.000212636,-0.000127439,0.00115005,1.12594,0,0,0,0,0.917871
14,0.955737,0,2.73708,-0,6.05385e-08,0,0,0,0,0,0,0.966196,0.65,-0.00304552,1.16449,1.09483,0.162628,0.00132552,0.000252884,0.000164063,0.00135936,1.13026,0,0,0,0,1.01042
15,0.953612,0,2.73062,-0,6.05322e-08,0,0,0,0,0,0,0.964542,0.65,-0.00326201,1.16312,1.09225,0.157464,0.0013484,0.000249551,0.000167098,0.00138144,1.1301,0,0,0,0,1.01742
16,0.943087,0,2.69868,-0,6.05019e-08,0,0,0,0,0,0,0.956639,0.65,-0.00429601,1.15658,1.07947,0.131915,0.00146167,0.000233695,0.000182038,0.00149138,1.12935,0,0,0,0,1.05196
17,0.964598,0,2.76405,-0,6.05648e-08,0,0,0,0,0,0,0.972556,0.65,-0.00221359,1.16977,1.10562,0.184208,0.00122812,0.000263241,0.000150926,0.00126505,1.13091,0,0,0,0,0.978729
18,0.966018,0,2.76837,-0,6.05689e-08,0,0,0,0,0,0,0.973548,0.65,-0.00208386,1.1706,1.10735,0.187661,0.00121301,0.000264958,0.000148885,0.00125051,1.13101,0,0,0,0,0.973829
19,0.882943,0,2.53086,-0,6.05791e-08,0,0,0,0,0,0,0.392581,0.65,-0.0155812,0.759515,1.01235,-0.00234045,0.00395086,-4.55633e-05,-0.00112052,0.00410693,1.13127,0,0,0,0,1.68711
20,0.883711,0,2.53315,-0,6.05806e-08,0,0,0,0,0,0,0.392124,0.65,-0.0154853,0.759277,1.01326,-0.000515661,0.00395887,-4.64424e-05,-0.00114132,0.00412037,1.1313,0,0,0,0,1.6904
21,0.883784,0,2.53336,-0,6.05807e-08,0,0,0,0,0,0,0.392089,0.65,-0.0154776,0.759259,1.01334,-0.000344584,0.00395949,-4.64818e-05,-0.00114303,0.00412143,1.13131,0,0,0,0,1.69067
22,0.939228,0,2.68707,-0,6.0492e-08,0,0,0,0,0,0,0.953854,0.65,-0.00465852,1.15428,1.07483,0.122621,0.00149883,0.000227345,0.000186409,0.00152739,1.12911,0,0,0,0,1.06233
23,0.925805,0,2.64667,-0,6.04579e-08,0,0,0,0,0,0,0.944213,0.65,-0.00591242,1.14633,1.05867,0.0903052,0.00163172,0.000204966,0.000201619,0.00165686,1.12826,0,0,0,0,1.09937
24,0.433232,0,1.224,-0,5.99223e-08,0,0,0,0,0,0,0.401797,0.65,0.0175242,0.764361,0.489598,-1.04784,0.00413877,-0.000784693,0.000849907,0.00429738,1.11504,0,0,0,0,1.22207
25,0.432338,0,1.22138,-0,5.99188e-08,0,0,0,0,0,0,0.402517,0.65,0.0176692,0.764743,0.48855,-1.04993,0.00410353,-0.000768663,0.000805726,0.00425194,1.11495,0,0,0,0,1.21433
26,0.449275,0,1.27031,-0,5.99576e-08,0,0,0,0,0,0,0.392581,0.65,0.0155812,0.759515,0.508125,-1.01078,0.00461571,-0.000989722,0.00146829,0.0049437,1.1159,0,0,0,0,1.33402
27,1.10984,0,3.19409,-0,6.07631e-08,0,0,0,0,0,0,0.375608,0.65,0.00248361,0.750724,1.27764,0.528241,0.00179506,0.00150727,0.00310997,0.00389436,1.13583,0,0,0,0,1.83615
28,0.982541,0,2.81702,-0,6.05867e-08,0,0,0,0,0,0,0.376768,0.65,0.00517682,0.751319,1.12681,0.226585,0.00286555,0.000858501,0.00392624,0.00493597,1.13146,0,0,0,0,1.94942
29,0.966526,0,2.76955,-0,6.05644e-08,0,0,0,0,0,0,0.376916,0.65,0.00552982,0.751396,1.10782,0.188609,0.00300001,0.000777373,0.004033,0.00508621,1.1309,0,0,0,0,1.96467
30,0.790266,0,2.2499,-0,6.02703e-08,0,0,0,0,0,0,0.728736,0.65,-0.0259889,0.976848,0.899962,-0.227108,0.00278363,-5.28881e-05,0.000171643,0.00278941,1.12362,0,0,0,0,1.32203
31,0.779154,0,2.21879,-0,6.0281e-08,0,0,0,0,0,0,0.699599,0.65,-0.0275865,0.955353,0.887514,-0.252004,0.00291563,-9.47556e-05,0.000146651,0.00292085,1.12389,0,0,0,0,1.34285
32,0.775113,0,2.20755,-0,6.02867e-08,0,0,0,0,0,0,0.689031,0.65,-0.0281636,0.947659,0.883022,-0.260988,0.00295275,-0.000108577,0.000135789,0.00295787,1.12403,0,0,0,0,1.34785
33,0.777115,0,2.2137,-0,6.02957e-08,0,0,0,0,0,0,0.650551,0.65,-0.0294796,0.920101,0.885479,-0.256073,0.00312819,-0.000138221,6.66641e-05,0.00313195,1.12425,0,0,0,0,1.38849
34,0.80226,0,2.28412,-0,6.02718e-08,0,0,0,0,0,0,0.75208,0.65,-0.0243535,0.994343,0.913648,-0.199735,0.00268031,-2.31535e-05,0.00018537,0.00268682,1.12366,0,0,0,0,1.30703
35,0.827659,0,2.3569,-0,6.02807e-08,0,0,0,0,0,0,0.797634,0.65,-0.0208367,1.02915,0.94276,-0.141511,0.00245767,3.48438e-05,0.000201527,0.00246617,1.12388,0,0,0,0,1.27191
36,0.826881,0,2.35468,-0,6.02805e-08,0,0,0,0,0,0,0.796671,0.65,-0.0209118,1.02841,0.94187,-0.143291,0.00246318,3.32573e-05,0.000201138,0.00247161,1.12387,0,0,0,0,1.27268
37,0.450058,0,1.27257,-0,5.99594e-08,0,0,0,0,0,0,0.392124,0.65,0.0154853,0.759277,0.50903,-1.00897,0.00463924,-0.000999878,0.00149875,0.0049768,1.11595,0,0,0,0,1.33952
38,0.450135,0,1.27279,-0,5.99595e-08,0,0,0,0,0,0,0.392089,0.65,0.0154776,0.759259,0.509118,-1.0088,0.00464113,-0.00100065,0.00150128,0.00497948,1.11595,0,0,0,0,1.33999
39,0.943338,0,2.69575,-0,6.04402e-08,0,0,0,0,0,0,0.944213,0.65,0.00591242,1.14633,1.0783,0.129565,0.0009545,0.00023686,-0.000113715,0.000990002,1.12782,0,0,0,0,0.858065
40,0.954274,0,2.73002,-0,6.04905e-08,0,0,0,0,0,0,0.953854,0.65,0.00465852,1.15428,1.09201,0.156986,0.000844747,0.000249766,-0.000100588,0.000886622,1.12907,0,0,0,0,0.815787
41,0.957356,0,2.73971,-0,6.05051e-08,0,0,0,0,0,0,0.956639,0.65,0.00429601,1.15658,1.09588,0.164735,0.000814382,0.000253327,-9.68892e-05,0.000858359,1.12943,0,0,0,0,0.804036
42,0.515161,0,1.45726,-0,5.99754e-08,0,0,0,0,0,0,0.429286,0.65,0.0213898,0.779259,0.582903,-0.861227,0.00359755,-0.000363195,0.0004494,0.00364366,1.11634,0,0,0,0,1.22495
43,0.528593,0,1.49587,-0,5.99965e-08,0,0,0,0,0,0,0.434215,0.65,0.0219937,0.782002,0.598347,-0.830339,0.00353709,-0.00031385,0.000409265,0.00357449,1.11686,0,0,0,0,1.22951
44,0.476937,0,1.34734,-0,5.99178e-08,0,0,0,0,0,0,0.41626,0.65,0.0197565,0.772116,0.538936,-0.94916,0.00376901,-0.000502812,0.000557763,0.00384309,1.11492,0,0,0,0,1.21258
45,0.469922,0,1.32755,-0,5.99184e-08,0,0,0,0,0,0,0.414053,0.65,0.0194264,0.77092,0.53102,-0.964991,0.00381874,-0.000543262,0.000594852,0.00390279,1.11494,0,0,0,0,1.21223
46,0.93854,0,2.68072,-0,6.04175e-08,0,0,0,0,0,0,0.939483,0.65,0.0065127,1.14244,1.07229,0.117541,0.00100259,0.000229908,-0.000117714,0.00103533,1.12726,0,0,0,0,0.875205
47,0.971692,0,2.78975,-0,6.06527e-08,0,0,0,0,0,0,0.384584,0.65,-0.0125112,0.755355,1.1159,0.204767,0.00378863,0.000220469,-0.0019217,0.00425385,1.13309,0,0,0,0,1.79888
48,1.08994,0,3.13762,-0,6.07738e-08,0,0,0,0,0,0,0.380151,0.65,-0.00931665,0.753061,1.25505,0.483068,0.00289136,0.000799525,-0.00210565,0.0036651,1.1361,0,0,0,0,1.76599
49,1.10168,0,3.1722,-0,6.07862e-08,0,0,0,0,0,0,0.379715,0.65,-0.00899051,0.752837,1.26888,0.510728,0.0027992,0.000857472,-0.00211829,0.00361358,1.13641,0,0,0,0,1.76156
50,0.551347,0,1.56137,-0,6.0027e-08,0,0,0,0,0,0,0.447947,0.65,0.0233504,0.789748,0.62455,-0.777933,0.00345895,-0.000257158,0.000343105,0.00348543,1.11762,0,0,0,0,1.23869
51,0.566544,0,1.60512,-0,6.00489e-08,0,0,0,0,0,0,0.457652,0.65,0.024281,0.795321,0.642048,-0.742935,0.00340618,-0.000218056,0.000296624,0.00342602,1.11816,0,0,0,0,1.24507
52,0.80685,0,2.30479,-0,6.04219e-08,0,0,0,0,0,0,0.526245,0.65,-0.0283931,0.836803,0.921915,-0.183203,0.00335673,-0.000122209,-0.000131833,0.00336154,1.12737,0,0,0,0,1.46275
53,0.819485,0,2.34277,-0,6.04586e-08,0,0,0,0,0,0,0.49694,0.65,-0.0269493,0.818643,0.937109,-0.152815,0.00340217,-0.000102028,-0.000190938,0.00340905,1.12828,0,0,0,0,1.48365
54,0.806065,0,2.30243,-0,6.04197e-08,0,0,0,0,0,0,0.528013,0.65,-0.02848,0.837919,0.920972,-0.185088,0.00335385,-0.000123432,-0.000128257,0.00335857,1.12732,0,0,0,0,1.46144
55,0.806266,0,2.30303,-0,6.04202e-08,0,0,0,0,0,0,0.527594,0.65,-0.0284603,0.837655,0.921213,-0.184606,0.00335466,-0.000123146,-0.000129116,0.0033594,1.12733,0,0,0,0,1.46179
56,0.965797,0,2.7665,-0,6.05485e-08,0,0,0,0,0,0,0.964542,0.65,0.00326201,1.16312,1.1066,0.18617,0.000727119,0.000260228,-8.54653e-05,0.000776998,1.13051,0,0,0,0,0.767655
57,0.967519,0,2.77198,-0,6.05575e-08,0,0,0,0,0,0,0.966196,0.65,0.00304552,1.16449,1.10879,0.190549,0.000709697,0.000261715,-8.31742e-05,0.000760975,1.13073,0,0,0,0,0.760403
58,0.862268,0,2.45736,-0,6.03158e-08,0,0,0,0,0,0,0.854802,0.65,-0.0156906,1.07398,0.982944,-0.0611446,0.00222967,9.10129e-05,0.000209081,0.0022413,1.12475,0,0,0,0,1.23674
59,0.85634,0,2.44,-0,6.03073e-08,0,0,0,0,0,0,0.843995,0.65,-0.0167353,1.06541,0.976002,-0.0750287,0.0022708,8.16846e-05,0.00020747,0.00228172,1.12454,0,0,0,0,1.24388
60,0.788102,0,2.24794,-0,6.03553e-08,0,0,0,0,0,0,0.579825,0.65,-0.0298629,0.871544,0.899175,-0.228681,0.0032526,-0.000142001,-3.12011e-05,0.00325585,1.12572,0,0,0,0,1.42431
61,0.792872,0,2.26267,-0,6.03777e-08,0,0,0,0,0,0,0.564407,0.65,-0.0294881,0.861351,0.905066,-0.216899,0.00329027,-0.000137052,-6.34998e-05,0.00329374,1.12628,0,0,0,0,1.43641
62,0.828573,0,2.35955,-0,6.02815e-08,0,0,0,0,0,0,0.799453,0.65,-0.0206771,1.03056,0.943819,-0.139393,0.00245147,3.61166e-05,0.000201677,0.00246002,1.1239,0,0,0,0,1.27095
63,0.825346,0,2.3503,-0,6.02804e-08,0,0,0,0,0,0,0.793996,0.65,-0.0211093,1.02634,0.940119,-0.146794,0.00247634,2.93807e-05,0.000199604,0.00248454,1.12387,0,0,0,0,1.27466
64,0.967073,0,2.77157,-0,6.05718e-08,0,0,0,0,0,0,0.974265,0.65,-0.00199011,1.17119,1.10863,0.190224,0.00120121,0.000266999,0.000147271,0.00123931,1.13109,0,0,0,0,0.969865
65,0.974616,0,2.79449,-0,6.05931e-08,0,0,0,0,0,0,0.979204,0.65,-0.00134406,1.1753,1.1178,0.208561,0.00112111,0.000281761,0.000136298,0.00116398,1.13161,0,0,0,0,0.94333
66,0.966599,0,2.77489,-0,6.06486e-08,0,0,0,0,0,0,0.384997,0.65,-0.0126823,0.755568,1.10996,0.19288,0.00380054,0.000204335,-0.00187877,0.00424448,1.13299,0,0,0,0,1.79304
67,0.86624,0,2.48126,-0,6.05475e-08,0,0,0,0,0,0,0.402517,0.65,-0.0176692,0.764743,0.992505,-0.0420211,0.00377629,-2.66122e-05,-0.000668013,0.00383501,1.13048,0,0,0,0,1.61548
68,0.867201,0,2.48414,-0,6.05498e-08,0,0,0,0,0,0,0.401797,0.65,-0.0175242,0.764361,0.993658,-0.0397168,0.0037887,-2.84482e-05,-0.000698423,0.00385264,1.13054,0,0,0,0,1.62023
69,0.643027,0,1.82146,-0,6.00402e-08,0,0,0,0,0,0,0.647228,0.65,0.0295901,0.917758,0.728584,-0.569863,0.00257649,-9.40787e-05,-5.53193e-05,0.0025788,1.11794,0,0,0,0,1.1509
70,0.647503,0,1.83419,-0,6.00418e-08,0,0,0,0,0,0,0.650233,0.65,0.0294894,0.919876,0.733678,-0.559676,0.00254361,-8.72629e-05,-5.82259e-05,0.00254577,1.11798,0,0,0,0,1.14713
71,0.834395,0,2.36613,-0,6.00902e-08,0,0,0,0,0,0,0.796415,0.65,0.0209284,1.02821,0.946454,-0.134124,0.00167598,0.000118067,-0.000132501,0.00168535,1.11917,0,0,0,0,1.05897
72,0.835873,0,2.37038,-0,6.00912e-08,0,0,0,0,0,0,0.797634,0.65,0.0208367,1.02915,0.948153,-0.130727,0.0016709,0.000119072,-0.000132987,0.0016804,1.1192,0,0,0,0,1.05844
73,0.717092,0,2.03085,-0,6.00311e-08,0,0,0,0,0,0,0.697233,0.65,0.0277759,0.953628,0.812339,-0.402354,0.00208866,2.69801e-05,-0.000100501,0.00209125,1.11772,0,0,0,0,1.09474
74,0.720216,0,2.03973,-0,6.00318e-08,0,0,0,0,0,0,0.699182,0.65,0.0276673,0.95505,0.815891,-0.39525,0.00207532,3.06887e-05,-0.000101601,0.00207803,1.11773,0,0,0,0,1.09352
75,0.725372,0,2.05439,-0,6.0033e-08,0,0,0,0,0,0,0.703223,0.65,0.0274059,0.958005,0.821757,-0.383519,0.00205279,3.60428e-05,-0.000103087,0.00205569,1.11776,0,0,0,0,1.09083
76,0.784778,0,2.22363,-0,6.00536e-08,0,0,0,0,0,0,0.743598,0.65,0.0249712,0.987958,0.889453,-0.248126,0.00182166,9.75457e-05,-0.000121861,0.00182834,1.11827,0,0,0,0,1.07013
77,0.831874,0,2.35892,-0,6.00887e-08,0,0,0,0,0,0,0.793754,0.65,0.0211249,1.02615,0.943567,-0.139898,0.00168392,0.000117356,-0.000131895,0.00169315,1.11914,0,0,0,0,1.05965
78,0.974777,0,2.79506,-0,6.0595e-08,0,0,0,0,0,0,0.973548,0.65,0.00208386,1.1706,1.11803,0.20902,0.000629923,0.00026962,-7.24388e-05,0.000689017,1.13166,0,0,0,0,0.72582
79,0.975481,0,2.79727,-0,6.0598e-08,0,0,0,0,0,0,0.974265,0.65,0.00199011,1.17119,1.11891,0.210783,0.000622642,0.000270171,-7.14686e-05,0.000682483,1.13173,0,0,0,0,0.722576
80,0.980525,0,2.81329,-0,6.06233e-08,0,0,0,0,0,0,0.979204,0.65,0.00134406,1.1753,1.12532,0.223602,0.000576311,0.00027438,-6.52766e-05,0.000641623,1.13236,0,0,0,0,0.702147
81,0.791899,0,2.25543,-0,6.02805e-08,0,0,0,0,0,0,0.37945,0.65,0.00865566,0.7527,0.902173,-0.222687,0.00433459,-0.000100041,0.00419592,0.00603361,1.12387,0,0,0,0,1.94432
82,0.773882,0,2.20229,-0,6.02504e-08,0,0,0,0,0,0,0.379715,0.65,0.00899051,0.752837,0.880917,-0.265198,0.00447661,-0.000191359,0.00422185,0.00615635,1.12313,0,0,0,0,1.94421
83,0.755472,0,2.14914,-0,6.02302e-08,0,0,0,0,0,0,0.380151,0.65,0.00931665,0.753061,0.859655,-0.307721,0.00454213,-0.000260852,0.0041164,0.00613544,1.12263,0,0,0,0,1.91942
84,0.57157,0,1.61881,-0,6.00336e-08,0,0,0,0,0,0,0.384584,0.65,0.0125112,0.755355,0.647524,-0.731984,0.00512193,-0.000931728,0.00297544,0.00599629,1.11778,0,0,0,0,1.65493
85,0.90133,0,2.57316,-0,6.03951e-08,0,0,0,0,0,0,0.919929,0.65,-0.00889132,1.12643,1.02926,0.0314965,0.00188993,0.000157361,0.000213713,0.00190847,1.12671,0,0,0,0,1.16514
86,0.907804,0,2.5926,-0,6.0412e-08,0,0,0,0,0,0,0.928051,0.65,-0.0079553,1.13307,1.03704,0.0470471,0.00182389,0.000169997,0.000212864,0.00184412,1.12713,0,0,0,0,1.14938
87,0.777022,0,2.21352,-0,6.02976e-08,0,0,0,0,0,0,0.647228,0.65,-0.0295901,0.917758,0.88541,-0.256212,0.00314306,-0.000140941,6.13091e-05,0.00314682,1.1243,0,0,0,0,1.39171
88,0.973736,0,2.79176,-0,6.05897e-08,0,0,0,0,0,0,0.972556,0.65,0.00221359,1.16977,1.1167,0.206377,0.000640358,0.000268474,-7.38473e-05,0.000698276,1.13153,0,0,0,0,0.730284
89,1.11081,0,3.19923,-0,6.07959e-08,0,0,0,0,0,0,0.37945,0.65,-0.00865566,0.7527,1.27969,0.532356,0.00269658,0.000915342,-0.00204226,0.00350432,1.13665,0,0,0,0,1.74246
90,1.19961,0,3.46211,-0,6.0891e-08,0,0,0,0,0,0,0.376916,0.65,-0.00552982,0.751396,1.38485,0.74266,0.0016998,0.00147461,-0.00133937,0.00261872,1.13901,0,0,0,0,1.56214
91,0.981921,0,2.81665,-0,6.06128e-08,0,0,0,0,0,0,0.983187,0.65,-0.000822475,1.17863,1.12666,0.226288,0.00105831,0.000288549,0.000127841,0.00110436,1.1321,0,0,0,0,0.921969
92,0.564521,0,1.59872,-0,6.00295e-08,0,0,0,0,0,0,0.384997,0.65,0.0126823,0.755568,0.639488,-0.748055,0.00509769,-0.000937488,0.0028921,0.00593545,1.11768,0,0,0,0,1.63714
93,0.889749,0,2.52912,-0,6.01982e-08,0,0,0,0,0,0,0.879626,0.65,0.0132736,1.09381,1.01165,-0.00373967,0.00143156,0.00016137,-0.00014018,0.00144743,1.12184,0,0,0,0,1.01167
94,0.899056,0,2.55778,-0,6.02368e-08,0,0,0,0,0,0,0.89291,0.65,0.0118698,1.1045,1.02311,0.0191886,0.00136134,0.000173406,-0.000138084,0.00137926,1.12279,0,0,0,0,0.991826
95,0.78314,0,2.23269,-0,6.03329e-08,0,0,0,0,0,0,0.605544,0.65,-0.0298407,0.888861,0.893077,-0.240877,0.00319614,-0.000141867,7.19202e-06,0.0031993,1.12517,0,0,0,0,1.40798
96,1.19374,0,3.44389,-0,6.0874e-08,0,0,0,0,0,0,0.375278,0.65,0,0.750555,1.37756,0.728081,0.00109343,0.0018937,0.00168826,0.00276259,1.13859,0,0,0,0,1.60095
97,1.11991,0,3.22407,-0,6.07765e-08,0,0,0,0,0,0,0.375568,0.65,0.00217477,0.750704,1.28963,0.552227,0.0017114,0.0015533,0.0029369,0.00373725,1.13617,0,0,0,0,1.80741
98,0.991879,0,2.84677,-0,6.06377e-08,0,0,0,0,0,0,0.9869,0.65,0.000336749,1.18172,1.13871,0.250382,0.000671825,0.000141564,-8.26617e-05,0.000691536,1.13272,0,0,0,0,0.732977
99,0.995145,0,2.85637,-0,6.06414e-08,0,0,0,0,0,0,0.989333,0.65,1.84675e-05,1.18376,1.14255,0.258065,4.76362e-05,4.7211e-05,-0.000164411,0.000177565,1.13281,0,0,0,0,0.38877
100,0.995343,0,2.85696,-0,6.06417e-08,0,0,0,0,0,0,0.989474,0.65,0,1.18387,1.14278,0.258534,1.17216e-05,4.1504e-05,-0.000169426,0.000174829,1.13282,0,0,0,0,0.369162
101,0.98682,0,2.83187,-0,6.06317e-08,0,0,0,0,0,0,0.983554,0.65,0.000774544,1.17893,1.13275,0.238465,0.000545062,0.000272128,-6.12779e-05,0.000612292,1.13257,0,0,0,0,0.688012
102,0.991534,0,2.84575,-0,6.06372e-08,0,0,0,0,0,0,0.986674,0.65,0.000366313,1.18154,1.1383,0.249566,0.000663197,0.000150426,-8.1207e-05,0.000684875,1.13271,0,0,0,0,0.729961
103,0.869406,0,2.46769,-0,6.0132e-08,0,0,0,0,0,0,0.843995,0.65,0.0167353,1.06541,0.987077,-0.0528782,0.00154857,0.000141823,-0.000139371,0.00156128,1.12021,0,0,0,0,1.03977
104,0.875889,0,2.48721,-0,6.01519e-08,0,0,0,0,0,0,0.854802,0.65,0.0156906,1.07398,0.994883,-0.0372667,0.00151282,0.00014938,-0.000139644,0.00152658,1.1207,0,0,0,0,1.0315
105,0.589517,0,1.66638,-0,5.99452e-08,0,0,0,0,0,0,0.527594,0.65,0.0284603,0.837655,0.666554,-0.693925,0.00336943,-0.000188609,0.000131792,0.00337727,1.1156,0,0,0,0,1.2632
106,0.589567,0,1.66651,-0,5.99446e-08,0,0,0,0,0,0,0.528013,0.65,0.02848,0.837919,0.666602,-0.693828,0.00336877,-0.000188474,0.000130916,0.00337658,1.11558,0,0,0,0,1.26314
107,0.589424,0,1.66623,-0,5.99481e-08,0,0,0,0,0,0,0.526245,0.65,0.0283931,0.836803,0.666491,-0.694049,0.00336919,-0.000188576,0.00013445,0.00337714,1.11567,0,0,0,0,1.26302
108,0.587284,0,1.66246,-0,6.00106e-08,0,0,0,0,0,0,0.49694,0.65,0.0269493,0.818643,0.664984,-0.697064,0.00336626,-0.000189125,0.000192522,0.00337706,1.11721,0,0,0,0,1.25937
109,0.586682,0,1.66149,-0,6.00301e-08,0,0,0,0,0,0,0.48821,0.65,0.0264954,0.813358,0.664595,-0.697842,0.00336393,-0.000187884,0.000209342,0.00337567,1.11769,0,0,0,0,1.25805
110,0.836879,0,2.37331,-0,6.00926e-08,0,0,0,0,0,0,0.799453,0.65,0.0206771,1.03056,0.949324,-0.128383,0.00166686,0.000119884,-0.000133221,0.00167646,1.11923,0,0,0,0,1.05776
111,0.588422,0,1.6627,-0,5.99292e-08,0,0,0,0,0,0,0.564407,0.65,0.0294881,0.861351,0.66508,-0.696871,0.00325599,-0.000185495,6.43187e-05,0.0032619,1.11521,0,0,0,0,1.24052
112,0.595323,0,1.68278,-0,5.99445e-08,0,0,0,0,0,0,0.579825,0.65,0.0298629,0.871544,0.673111,-0.680809,0.00312914,-0.000166597,3.08537e-05,0.00313372,1.11558,0,0,0,0,1.22258
113,0.608008,0,1.72002,-0,5.9981e-08,0,0,0,0,0,0,0.605544,0.65,0.0298407,0.888861,0.688009,-0.651014,0.00292147,-0.000139582,-6.49126e-06,0.00292481,1.11648,0,0,0,0,1.19269
114,0.920576,0,2.63095,-0,6.04444e-08,0,0,0,0,0,0,0.939483,0.65,-0.0065127,1.14244,1.05238,0.0777292,0.00168781,0.000194717,0.000205068,0.00171133,1.12793,0,0,0,0,1.11406
115,0.861694,0,2.46794,-0,6.0542e-08,0,0,0,0,0,0,0.429286,0.65,-0.0213898,0.779259,0.987178,-0.052676,0.00354229,-1.42081e-05,-0.000415394,0.0035666,1.13035,0,0,0,0,1.55401
116,0.87018,0,2.49277,-0,6.05515e-08,0,0,0,0,0,0,0.41626,0.65,-0.0197565,0.772116,0.997107,-0.0328182,0.00359253,6.71014e-06,-0.000490029,0.0036258,1.13058,0,0,0,0,1.57427
117,0.869707,0,2.49137,-0,6.05507e-08,0,0,0,0,0,0,0.414053,0.65,-0.0194264,0.77092,0.996547,-0.0339374,0.00362062,2.39232e-06,-0.000516778,0.00365731,1.13056,0,0,0,0,1.58066
118,0.57524,0,1.62949,-0,6.00413e-08,0,0,0,0,0,0,0.470419,0.65,0.0252269,0.802764,0.651796,-0.723439,0.00338665,-0.000205892,0.000260111,0.00340286,1.11797,0,0,0,0,1.25029
119,0.986353,0,2.83048,-0,6.06308e-08,0,0,0,0,0,0,0.983187,0.65,0.000822475,1.17863,1.13219,0.23735,0.000547333,0.000272403,-6.1564e-05,0.000614465,1.13255,0,0,0,0,0.689065
120,1.20295,0,3.472,-0,6.08943e-08,0,0,0,0,0,0,0.376768,0.65,-0.00517682,0.751319,1.3888,0.750571,0.00162908,0.00151766,-0.0011825,0.00252101,1.1391,0,0,0,0,1.54733
121,1.22998,0,3.5521,-0,6.09211e-08,0,0,0,0,0,0,0.375608,0.65,-0.00248361,0.750724,1.42084,0.814645,0.00106347,0.00185913,3.48845e-05,0.00214209,1.13977,0,0,0,0,1.42988
122,0.995112,0,2.85627,-0,6.06413e-08,0,0,0,0,0,0,0.989333,0.65,-1.84675e-05,1.18376,1.14251,0.257988,7.37868e-05,5.02583e-05,-0.000152127,0.000176389,1.13281,0,0,0,0,0.400961
123,1.22566,0,3.53916,-0,6.09154e-08,0,0,0,0,0,0,0.375568,0.65,-0.00217477,0.750704,1.41567,0.804299,0.00106741,0.00186356,0.000235805,0.00216051,1.13962,0,0,0,0,1.45075
